customer_id,name,email_address,phone,city,join_date,title,first_name,last_name,suffix,street,country,state,zip_code,mobile,card_number,credit_card_exp_year,credit_card_exp_month,cvv
CUST-10000,Samuel Tailor,tailorhemani@example.net,910495529822,Dubai,1/23/2024,Mrs,Samuel,Tailor,Sr,Jumeirah Beach Road,United Arab Emirates,Dubai,0,910495529822.00,1396066392279610,2028,8,928
CUST-10001,Megha Thakur,rrege@example.com,912185861941,Abu Dhabi,8/8/2024,Mrs,Megha,Thakur,,Sheikh Rashid Bin Saeed Street ,United Arab Emirates,Abu Dhabi,0,912185861941.00,6872533725401250,2029,7,989
CUST-10002,Girik Chana,wkalita@example.net,912363870199,Sharjah,12/22/2024,Ms,Girik,Chana,III,Al Arouba Street,United Arab Emirates,Sharjah,0,912363870199.00,9128983004706510,2029,1,899
CUST-10003,Parth Dara,dhargaurang@example.com,08423567044,Sharjah,12/24/2025,,Parth,Dara,,Al Arouba Street,United Arab Emirates,Sharjah,0,08423567044,4651867372562620,2026,9,682
CUST-10004,Nisha Chadha,chanchal42@example.org,08957505899,Ajman,4/5/2025,Ms,Nisha,Chadha,Esq,Sheikh Ammar Bin Humaid Al Nuaimi Street,United Arab Emirates,Ajman,0,08957505899,7546126610063060,2026,11,970
CUST-10005,Aradhana Varkey,sanayapadmanabhan@example.com,913060755954,Ajman,11/20/2024,Ms,Aradhana,Varkey,,Ajman Corniche Road,United Arab Emirates,Ajman,0,913060755954.00,8485919523112980,2028,10,449
CUST-10006,Qarin Kalita,ibedi@example.com,8590609378,Dubai,11/4/2025,Miss,Qarin,Kalita,MD,2nd of December Street,United Arab Emirates,Dubai,0,8590609378.00,6796448359541110,2033,8,780
CUST-10007,Rehaan Kulkarni,umangahuja@example.com,01599917289,Sharjah,1/14/2024,Ms,Rehaan,Kulkarni,MD,Sheikh Mohammed Bin Zayed Road,United Arab Emirates,Sharjah,0,01599917289,9060301956494410,2031,9,795
CUST-10008,Nirja Ghosh,dayalatharv@example.org,08362161821,Ajman,4/22/2025,Mrs,Nirja,Ghosh,DDS,Sheikh Ammar Bin Humaid Al Nuaimi Street,United Arab Emirates,Ajman,0,08362161821,1168950569190280,2032,1,292
CUST-10009,Sathvik Walla,yamini96@example.org,916348303484,Dubai,5/16/2024,Ms,Sathvik,Walla,III,Sheikh Mohammed bin Rashid Boulevard,United Arab Emirates,Dubai,0,916348303484.00,7440647969904630,2030,8,760
CUST-10010,Hardik Bhardwaj,saininihal@example.com,0844092427,Sharjah,7/18/2024,,Hardik,Bhardwaj,III,Al Wahda Street,United Arab Emirates,Sharjah,0,0844092427,4167271787442380,2035,6,949
CUST-10011,Harish Kunda,shivansh58@example.net,913566143807,Dubai,5/20/2025,Dr,Harish,Kunda,Jr,Al Seef Street,United Arab Emirates,Dubai,0,913566143807.00,2475420889887880,2029,5,682
CUST-10012,Ucchal Chander,aradhakrishnan@example.org,08036584824,Ajman,11/11/2024,Ms,Ucchal,Chander,Sr,Sheikh Mohammed Bin Zayed Road,United Arab Emirates,Ajman,0,08036584824,5379668697617820,2035,11,460
CUST-10013,Riya Padmanabhan,wdeshpande@example.com,02396374160,Ajman,4/24/2025,Miss,Riya,Padmanabhan,,Ajman Corniche Road,United Arab Emirates,Ajman,0,02396374160,8230299359611530,2029,6,150
CUST-10014,George Wable,agandhi@example.org,01622879600,Dubai,2/9/2024,,George,Wable,,Al Wasl Road,United Arab Emirates,Dubai,0,01622879600,9745969627936330,2029,10,609
CUST-10015,Pahal Yohannan,advaithgaba@example.com,913945150499,Sharjah,12/24/2024,,Pahal,Yohannan,,Al Mina Street,United Arab Emirates,Sharjah,0,913945150499.00,6365811757886450,2029,5,406
CUST-10016,Aarnav Madan,wsrivastava@example.org,7662157313,Ajman,6/23/2024,Miss,Aarnav,Madan,Sr,Ajman Corniche Road,United Arab Emirates,Ajman,0,7662157313.00,5999476821584260,2026,1,243
CUST-10017,Ria Sarin,abhimanyu95@example.org,910082007634,Ajman,3/28/2024,,Ria,Sarin,Esq,Sheikh Rashid Bin Saeed Al Maktoum Street,United Arab Emirates,Ajman,0,910082007634.00,3426307041141580,2035,6,865
CUST-10018,Sanaya Chaudhry,lwalia@example.com,919509858231,Dubai,11/15/2025,,Sanaya,Chaudhry,,Al Wasl Road,United Arab Emirates,Dubai,0,919509858231.00,2525761066041470,2032,9,791
CUST-10019,Mitesh Das,wriddhishbatra@example.org,911651973323,Abu Dhabi,11/12/2025,,Mitesh,Das,Jr,Zayed The First Street,United Arab Emirates,Abu Dhabi,0,911651973323.00,3143781564030440,2035,8,357
CUST-10020,Andrew Ram,harinakshigarde@example.org,2719787586,Sharjah,6/1/2025,Mr,Andrew,Ram,,Al Mina Street,United Arab Emirates,Sharjah,0,2719787586.00,2754239177974330,2032,8,618
CUST-10021,Bishakha Sachar,pathaktriya@example.com,2758975714,Sharjah,3/23/2024,Ms,Bishakha,Sachar,Jr,Al Arouba Street,United Arab Emirates,Sharjah,0,2758975714.00,5789857625812530,2031,7,493
CUST-10022,Yashoda Chaudhary,fprasad@example.com,00890318561,Sharjah,1/27/2024,Mrs,Yashoda,Chaudhary,III,Al Mina Street,United Arab Emirates,Sharjah,0,00890318561,9515916566086860,2027,2,478
CUST-10023,Madhavi Venkataraman,varmaodika@example.org,9036062604,Sharjah,7/5/2024,Ms,Madhavi,Venkataraman,III,Corniche Street,United Arab Emirates,Sharjah,0,9036062604.00,8495292376760600,2034,1,898
CUST-10024,Forum Narasimhan,zayanbhakta@example.org,2172636406,Abu Dhabi,4/13/2025,,Forum,Narasimhan,PHD,Sultan Bin Zayed The First Street,United Arab Emirates,Abu Dhabi,0,2172636406.00,8985945509072940,2030,6,231
CUST-10025,Shravya Saran,darika85@example.net,00713118195,Sharjah,3/22/2024,Mrs,Shravya,Saran,Sr,Al Wahda Street,United Arab Emirates,Sharjah,0,00713118195,7905032941195200,2030,9,494
CUST-10026,Chakradev Kuruvilla,uwable@example.com,917984113598,Sharjah,8/12/2025,Dr,Chakradev,Kuruvilla,Esq,Al Wahda Street,United Arab Emirates,Sharjah,0,917984113598.00,9056059222455690,2035,12,430
CUST-10027,David Parikh,ramakrishnandhriti@example.org,02656332906,Abu Dhabi,4/5/2025,Mr,David,Parikh,Sr,Corniche Street ,United Arab Emirates,Abu Dhabi,0,02656332906,8513182118218800,2031,12,104
CUST-10028,Oliver Srinivas,lakshmi68@example.net,916184937643,Sharjah,9/1/2024,Mr,Oliver,Srinivas,III,Al Arouba Street,United Arab Emirates,Sharjah,0,916184937643.00,5316515944311030,2029,1,687
CUST-10029,Hemang Apte,yashsridhar@example.net,0735439056,Sharjah,7/20/2025,Ms,Hemang,Apte,PHD,Corniche Street,United Arab Emirates,Sharjah,0,0735439056,2519866997293340,2030,11,383
CUST-10030,Sanya Raju,mandaahana@example.org,08757938096,Sharjah,12/9/2025,Mr,Sanya,Raju,Jr,Al Wahda Street,United Arab Emirates,Sharjah,0,08757938096,7734189399618920,2031,2,411
CUST-10031,Dakshesh Tara,pallavi30@example.org,1156788431,Abu Dhabi,5/1/2024,Miss,Dakshesh,Tara,MD,Zayed The First Street,United Arab Emirates,Abu Dhabi,0,1156788431.00,1915023447428910,2034,4,165
CUST-10032,Vinaya Yohannan,charita92@example.com,7423824893,Abu Dhabi,8/20/2024,,Vinaya,Yohannan,III,Sheikh Zayed bin Sultan Street,United Arab Emirates,Abu Dhabi,0,7423824893.00,8457650868711510,2035,3,144
CUST-10033,Upkaar Hegde,narangqabil@example.org,07634766231,Dubai,9/8/2025,Dr,Upkaar,Hegde,Esq,Al Seef Street,United Arab Emirates,Dubai,0,07634766231,7208990395700070,2035,12,981
CUST-10034,Wyatt Narula,mitaldamini@example.net,914237854426,Sharjah,3/26/2024,Dr,Wyatt,Narula,Esq,Al Mina Street,United Arab Emirates,Sharjah,0,914237854426.00,4210415045371570,2029,12,122
CUST-10035,Janya Mann,jacob25@example.com,9272965697,Abu Dhabi,9/2/2024,,Janya,Mann,III,Sheikh Zayed bin Sultan Street,United Arab Emirates,Abu Dhabi,0,9272965697.00,7175933948753720,2029,9,372
CUST-10036,Gaurav Magar,balakrishnanhemal@example.com,2123584519,Sharjah,12/29/2024,Mr,Gaurav,Magar,III,Al Wahda Street,United Arab Emirates,Sharjah,0,2123584519.00,2585188063544240,2031,8,313
CUST-10037,Shaurya Pillai,mukhopadhyaydivya@example.net,03283275366,Dubai,12/7/2024,0,Shaurya,Pillai,,Sheikh Zayed Road,United Arab Emirates,Dubai,0,03283275366,4952457884284090,2028,6,148
CUST-10038,Viraj Gill,jhasamaksh@example.org,05597496507,Dubai,4/28/2024,Ms,Viraj,Gill,,Sheikh Zayed Road,United Arab Emirates,Dubai,0,05597496507,1825160587157300,2026,6,483
CUST-10039,Yasti Majumdar,kulkarniwriddhish@example.org,1801846492,Sharjah,10/23/2025,,Yasti,Majumdar,,Al Wahda Street,United Arab Emirates,Sharjah,0,1801846492.00,8479918808054890,2028,3,315
CUST-10040,Onkar Oza,omkaarkulkarni@example.org,06895877746,Ajman,3/4/2025,,Onkar,Oza,,Ajman Corniche Road,United Arab Emirates,Ajman,0,06895877746,5546727529448210,2029,7,272
CUST-10041,Kai Dhar,odesai@example.net,917339775035,Abu Dhabi,9/14/2024,Mrs,Kai,Dhar,PHD,Sheikh Zayed bin Sultan Street,United Arab Emirates,Abu Dhabi,0,917339775035.00,4567467864860460,2029,4,183
CUST-10042,Ethan Bhat,dharriya@example.net,914667686520,Abu Dhabi,9/29/2025,Miss,Ethan,Bhat,Jr,Zayed The First Street,United Arab Emirates,Abu Dhabi,0,914667686520.00,2853496112662260,2031,8,944
CUST-10043,Ayushman Brahmbhatt,lwalla@example.com,911436845630,Dubai,8/7/2025,Dr,Ayushman,Brahmbhatt,Esq,Al Wasl Road,United Arab Emirates,Dubai,0,911436845630.00,6258023550200320,2029,3,436
CUST-10044,Abhimanyu Parikh,varenyarattan@example.net,7458423971,Sharjah,8/31/2024,,Abhimanyu,Parikh,Esq,Al Wahda Street,United Arab Emirates,Sharjah,0,7458423971.00,6889570677498890,2030,6,152
CUST-10045,Mitesh Ramakrishnan,vinaya24@example.com,916100302021,Ajman,8/2/2024,Ms,Mitesh,Ramakrishnan,Jr,University Street,United Arab Emirates,Ajman,0,916100302021.00,2851835396275100,2030,5,796
CUST-10046,Bhavya Dhingra,tbanik@example.net,00285440200,Dubai,5/11/2025,Mr,Bhavya,Dhingra,MD,2nd of December Street,United Arab Emirates,Dubai,0,00285440200,4469933442089720,2034,4,517
CUST-10047,Harish Bhandari,dharkeya@example.org,1170631582,Dubai,9/1/2024,Miss,Harish,Bhandari,MD,Sheikh Mohammed bin Rashid Boulevard,United Arab Emirates,Dubai,0,1170631582.00,3937993706427560,2026,5,312
CUST-10048,Indali Sami,tanmayideep@example.com,0979697163,Sharjah,12/24/2024,,Indali,Sami,PHD,Al Mina Street,United Arab Emirates,Sharjah,0,0979697163,2086308112941360,2031,9,615
CUST-10049,Onkar Sethi,lopa27@example.com,911693517544,Ajman,3/25/2025,Ms,Onkar,Sethi,,Sheikh Mohammed Bin Zayed Road,United Arab Emirates,Ajman,0,911693517544.00,2830857412223480,2034,9,425
CUST-10050,Waida Shankar,arya62@example.org,00233954652,Dubai,10/9/2024,,Waida,Shankar,,Sheikh Mohammed bin Rashid Boulevard,United Arab Emirates,Dubai,0,00233954652,8389096472631360,2027,8,466
CUST-10051,Ishani Sampath,guptaqarin@example.com,7594250610,Ajman,6/1/2025,,Ishani,Sampath,,Sheikh Khalifa Bin Zayed Al Nahyan Street,United Arab Emirates,Ajman,0,7594250610.00,9517043824395750,2028,10,535
CUST-10052,Harrison Dora,isaac82@example.net,2961265868,Ajman,1/23/2024,,Harrison,Dora,MD,Sheikh Ammar Bin Humaid Al Nuaimi Street,United Arab Emirates,Ajman,0,2961265868.00,6871986882154640,2032,6,286
CUST-10053,Saanvi Issac,sakshammanda@example.com,01899151053,Abu Dhabi,5/1/2024,,Saanvi,Issac,PHD,Sheikh Hamdan Bin Mohammed Street,United Arab Emirates,Abu Dhabi,0,01899151053,4179745680214790,2030,7,807
CUST-10054,Urvashi Das,divananvi@example.org,912640165971,Sharjah,3/13/2024,Miss,Urvashi,Das,PHD,Corniche Street,United Arab Emirates,Sharjah,0,912640165971.00,9787665834426400,2031,1,798
CUST-10055,Pallavi Mani,sanaya78@example.org,09006868699,Dubai,1/4/2025,,Pallavi,Mani,,2nd of December Street,United Arab Emirates,Dubai,0,09006868699,9355240385937540,2034,9,810
CUST-10056,Anita Tak,dhingrachandresh@example.org,919605351566,Ajman,1/6/2026,,Anita,Tak,III,Sheikh Mohammed Bin Zayed Road,United Arab Emirates,Ajman,0,919605351566.00,5442404608840190,2035,11,419
CUST-10057,Aayush Warrior,oliver56@example.net,1889471167,Ajman,10/15/2024,Ms,Aayush,Warrior,III,Sheikh Mohammed Bin Zayed Road,United Arab Emirates,Ajman,0,1889471167.00,1149123867323770,2029,3,844
CUST-10058,Imaran Panchal,mram@example.org,910756678189,Ajman,3/18/2024,,Imaran,Panchal,DDS,Sheikh Rashid Bin Saeed Al Maktoum Street,United Arab Emirates,Ajman,0,910756678189.00,4885675299641090,2027,3,980
CUST-10059,Hemangini Varty,balquincy@example.com,0690524004,Ajman,9/5/2024,Miss,Hemangini,Varty,III,University Street,United Arab Emirates,Ajman,0,0690524004,3522496411778770,2031,5,307
CUST-10060,Hemani Warrior,ramsudiksha@example.com,919366399152,Dubai,4/13/2024,,Hemani,Warrior,Sr,Jumeirah Beach Road,United Arab Emirates,Dubai,0,919366399152.00,1376730684479730,2035,3,104
CUST-10061,Damini Baria,megha07@example.net,03754714853,Sharjah,12/3/2025,Miss,Damini,Baria,Sr,Corniche Street,United Arab Emirates,Sharjah,0,03754714853,7299128887487490,2033,8,179
CUST-10062,Frederick Choudhry,unnatimisra@example.com,03721642143,Sharjah,3/2/2024,Ms,Frederick,Choudhry,III,Al Mina Street,United Arab Emirates,Sharjah,0,03721642143,7986026824425790,2034,4,102
CUST-10063,Hiral Dhillon,bhavinisampath@example.net,918669698959,Ajman,2/20/2024,Miss,Hiral,Dhillon,PHD,Ajman Corniche Road,United Arab Emirates,Ajman,0,918669698959.00,4188344349624600,2030,4,962
CUST-10064,Mitali Narayanan,adya41@example.net,04577597677,Dubai,1/16/2025,,Mitali,Narayanan,Jr,Jumeirah Beach Road,United Arab Emirates,Dubai,0,04577597677,1414880567214280,2026,3,912
CUST-10065,Shravya Kothari,bailsaanvi@example.org,04412146540,Abu Dhabi,9/3/2024,Mr,Shravya,Kothari,,Sheikh Hamdan Bin Mohammed Street,United Arab Emirates,Abu Dhabi,0,04412146540,4949768796445030,2030,7,853
CUST-10066,Omaja Kata,umahajan@example.org,9030988216,Abu Dhabi,3/5/2024,,Omaja,Kata,MD,Zayed The First Street,United Arab Emirates,Abu Dhabi,0,9030988216.00,9138163850316470,2035,9,413
CUST-10067,Xalak Raju,chavvi65@example.net,03622986206,Abu Dhabi,1/2/2026,,Xalak,Raju,III,Sheikh Rashid Bin Saeed Street ,United Arab Emirates,Abu Dhabi,0,03622986206,4227761368799880,2029,12,517
CUST-10068,Bhanumati Bandi,jagatsawhney@example.com,917107758992,Abu Dhabi,3/30/2025,Mrs,Bhanumati,Bandi,,Sheikh Zayed bin Sultan Street,United Arab Emirates,Abu Dhabi,0,917107758992.00,6288486311376780,2027,9,292
CUST-10069,Zayan Hora,samawakeeta@example.net,917047702997,Sharjah,3/18/2024,Mr,Zayan,Hora,Jr,Al Wahda Street,United Arab Emirates,Sharjah,0,917047702997.00,5575552654860290,2033,11,342
CUST-10070,Gopal Kala,girishkurian@example.com,6918375684,Abu Dhabi,4/18/2025,Miss,Gopal,Kala,PHD,Corniche Street ,United Arab Emirates,Abu Dhabi,0,6918375684.00,1079958735237770,2033,3,807
CUST-10071,Tripti Ranganathan,veer23@example.com,913926320016,Abu Dhabi,4/11/2024,Mrs,Tripti,Ranganathan,III,Corniche Street ,United Arab Emirates,Abu Dhabi,0,913926320016.00,7042665080801490,2035,7,326
CUST-10072,Samarth Sathe,qadim15@example.net,02273096288,Ajman,8/27/2024,Miss,Samarth,Sathe,III,University Street,United Arab Emirates,Ajman,0,02273096288,8505280000857530,2033,11,799
CUST-10073,Raksha Bhavsar,ekanta10@example.net,910889586905,Ajman,10/16/2024,,Raksha,Bhavsar,Jr,Ajman Corniche Road,United Arab Emirates,Ajman,0,910889586905.00,1624563299860470,2026,1,957
CUST-10074,Mohini Wable,baghyawatisathe@example.org,9500995395,Ajman,7/5/2025,Ms,Mohini,Wable,III,Sheikh Rashid Bin Saeed Al Maktoum Street,United Arab Emirates,Ajman,0,9500995395.00,2589129650728020,2026,5,338
CUST-10075,Jack Majumdar,sarrafraksha@example.org,7849136256,Abu Dhabi,10/23/2025,Dr,Jack,Majumdar,Jr,Sheikh Hamdan Bin Mohammed Street,United Arab Emirates,Abu Dhabi,0,7849136256.00,5669077829771930,2033,6,516
CUST-10076,Veer Toor,christopheryadav@example.org,01179847938,Abu Dhabi,6/23/2025,Miss,Veer,Toor,DDS,Sheikh Hamdan Bin Mohammed Street,United Arab Emirates,Abu Dhabi,0,01179847938,6466835856068900,2027,4,989
CUST-10077,Charita Chauhan,baghyawatidas@example.com,9862566669,Sharjah,3/9/2024,Mrs,Charita,Chauhan,PHD,Corniche Street,United Arab Emirates,Sharjah,0,9862566669.00,7609661793348250,2032,9,324
CUST-10078,Kalpit Sama,apteanusha@example.org,919602363647,Abu Dhabi,3/16/2024,Mr,Kalpit,Sama,III,Zayed The First Street,United Arab Emirates,Abu Dhabi,0,919602363647.00,4162363002279750,2029,6,852
CUST-10079,Ishita Varty,uoak@example.org,913944258756,Abu Dhabi,1/30/2025,Miss,Ishita,Varty,DDS,Sheikh Zayed bin Sultan Street,United Arab Emirates,Abu Dhabi,0,913944258756.00,6924928181161280,2029,4,248
CUST-10080,Warhi Warrior,bathyutika@example.org,5096046402,Abu Dhabi,6/28/2024,Mr,Warhi,Warrior,DDS,Sultan Bin Zayed The First Street,United Arab Emirates,Abu Dhabi,0,5096046402.00,3774700235965370,2029,8,470
CUST-10081,Samar Varkey,sandalaachal@example.net,918731167275,Dubai,10/24/2025,Mrs,Samar,Varkey,,Sheikh Zayed Road,United Arab Emirates,Dubai,0,918731167275.00,1245463754102430,2030,10,120
CUST-10082,Amaira Badami,zsarraf@example.com,07942384377,Sharjah,8/14/2025,Dr,Amaira,Badami,III,Corniche Street,United Arab Emirates,Sharjah,0,07942384377,9083557524581700,2035,9,844
CUST-10083,Rachit Sem,ekarpe@example.net,00502374244,Abu Dhabi,12/3/2024,Dr,Rachit,Sem,Esq,Sheikh Hamdan Bin Mohammed Street,United Arab Emirates,Abu Dhabi,0,00502374244,8883686960520610,2033,8,978
CUST-10084,Unni Datta,tsane@example.org,03615755165,Sharjah,5/3/2024,Dr,Unni,Datta,MD,Al Mina Street,United Arab Emirates,Sharjah,0,03615755165,8669854323729090,2029,7,260
CUST-10085,Warda Behl,kmangat@example.org,03675766511,Ajman,8/30/2025,Mr,Warda,Behl,MD,Ajman Corniche Road,United Arab Emirates,Ajman,0,03675766511,6041179492721410,2026,2,706
CUST-10086,Amruta Ravel,zashil49@example.org,915730226805,Sharjah,3/2/2025,Miss,Amruta,Ravel,PHD,Al Mina Street,United Arab Emirates,Sharjah,0,915730226805.00,9356590664376720,2033,7,345
CUST-10087,Rachana Narang,yash24@example.net,916445891798,Abu Dhabi,2/1/2025,Ms,Rachana,Narang,Jr,Corniche Street ,United Arab Emirates,Abu Dhabi,0,916445891798.00,8284462399441340,2028,3,217
CUST-10088,Harsh Dasgupta,kandaaishani@example.com,5964370378,Ajman,7/5/2025,Mrs,Harsh,Dasgupta,DDS,Ajman Corniche Road,United Arab Emirates,Ajman,0,5964370378.00,1149431624808850,2028,9,481
CUST-10089,Ridhi Mangat,damini37@example.net,00343681168,Sharjah,8/22/2025,0,Ridhi,Mangat,Sr,Sheikh Mohammed Bin Zayed Road,United Arab Emirates,Sharjah,0,00343681168,4515082742852730,2028,11,958
CUST-10090,Upasna Sawhney,ria92@example.com,912876144655,Abu Dhabi,5/29/2025,Ms,Upasna,Sawhney,Jr,Sultan Bin Zayed The First Street,United Arab Emirates,Abu Dhabi,0,912876144655.00,4151709989247560,2026,8,645
CUST-10091,Vihaan Ben,anjali44@example.com,913327279362,Ajman,4/13/2025,Dr,Vihaan,Ben,PHD,Sheikh Mohammed Bin Zayed Road,United Arab Emirates,Ajman,0,913327279362.00,6623169013403200,2029,6,597
CUST-10092,Prisha Sule,yashica27@example.com,8992919337,Abu Dhabi,10/12/2024,Dr,Prisha,Sule,Jr,Sheikh Hamdan Bin Mohammed Street,United Arab Emirates,Abu Dhabi,0,8992919337.00,6664142938001440,2033,2,708
CUST-10093,Ijaya Parmer,ymohanty@example.com,916594595164,Sharjah,6/16/2024,Miss,Ijaya,Parmer,PHD,Al Arouba Street,United Arab Emirates,Sharjah,0,916594595164.00,4802667540884360,2034,11,711
CUST-10094,Christopher Madan,halderjalsa@example.net,917040909620,Sharjah,1/14/2025,Mrs,Christopher,Madan,Jr,King Faisal Street,United Arab Emirates,Sharjah,0,917040909620.00,9788835628724600,2031,2,684
CUST-10095,Chaitanya Rai,owenkadakia@example.org,4952297694,Ajman,10/1/2024,Mr,Chaitanya,Rai,MD,Sheikh Mohammed Bin Zayed Road,United Arab Emirates,Ajman,0,4952297694.00,5077769929168130,2028,9,902
CUST-10096,Gaurangi Sami,siddharthsuresh@example.org,915483709504,Ajman,8/21/2024,Mrs,Gaurangi,Sami,,Sheikh Khalifa Bin Zayed Al Nahyan Street,United Arab Emirates,Ajman,0,915483709504.00,4585525419664070,2027,8,579
CUST-10097,Andrew Prashad,thakkarpooja@example.org,918643688398,Dubai,11/9/2024,Mrs,Andrew,Prashad,,Al Wasl Road,United Arab Emirates,Dubai,0,918643688398.00,1937431920246190,2033,5,942
CUST-10098,Hamsini Dugar,charan26@example.net,910662307618,Ajman,3/18/2024,Mrs,Hamsini,Dugar,Jr,Sheikh Mohammed Bin Zayed Road,United Arab Emirates,Ajman,0,910662307618.00,3222140120047310,2031,10,653
CUST-10099,Brijesh Nadkarni,ekani83@example.org,915394463293,Ajman,7/12/2025,Mr,Brijesh,Nadkarni,,Sheikh Khalifa Bin Zayed Al Nahyan Street,United Arab Emirates,Ajman,0,915394463293.00,7916102017032990,2026,4,328
CUST-10100,Thomas D’Alia,nreddy@example.com,0026987359,Ajman,8/14/2024,Mr,Thomas,D’Alia,,Sheikh Khalifa Bin Zayed Al Nahyan Street,United Arab Emirates,Ajman,0,0026987359,7912916290476090,2031,9,558
CUST-10101,Dhruv Savant,qpal@example.org,06417660026,Sharjah,1/24/2024,,Dhruv,Savant,III,King Faisal Street,United Arab Emirates,Sharjah,0,06417660026,1972071251683930,2030,2,180
CUST-10102,Gaurang Madan,ipandit@example.org,1254801732,Ajman,12/13/2024,,Gaurang,Madan,,Sheikh Mohammed Bin Zayed Road,United Arab Emirates,Ajman,0,1254801732.00,7316269401229780,2033,6,661
CUST-10103,Amaira Maharaj,usrinivas@example.net,08690387816,Sharjah,4/16/2024,,Amaira,Maharaj,PHD,Al Arouba Street,United Arab Emirates,Sharjah,0,08690387816,7537263924784790,2034,5,205
CUST-10104,Alexander Muni,sethiladli@example.net,06465632475,Dubai,3/31/2025,,Alexander,Muni,,Sheikh Mohammed bin Rashid Boulevard,United Arab Emirates,Dubai,0,06465632475,1319992811959250,2031,3,926
CUST-10105,Mohammed Chad,jackbora@example.net,916434151888,Abu Dhabi,10/4/2024,,Mohammed,Chad,,Zayed The First Street,United Arab Emirates,Abu Dhabi,0,916434151888.00,2888159449954490,2027,12,421
CUST-10106,Pallavi Shroff,barkha47@example.com,917128166539,Dubai,11/30/2025,,Pallavi,Shroff,,Sheikh Zayed Road,United Arab Emirates,Dubai,0,917128166539.00,9347859613933720,2028,1,450
CUST-10107,Lajita Lad,dubesaumya@example.net,03634537171,Ajman,6/14/2024,,Lajita,Lad,,Sheikh Khalifa Bin Zayed Al Nahyan Street,United Arab Emirates,Ajman,0,03634537171,5945979600395310,2032,7,416
CUST-10108,Chatura Gade,jwalla@example.net,2308432045,Sharjah,4/10/2024,Mr,Chatura,Gade,,Al Wahda Street,United Arab Emirates,Sharjah,0,2308432045.00,9436334689012950,2029,6,306
CUST-10109,Aishani Mand,dubearya@example.com,04382485886,Ajman,8/8/2024,Mrs,Aishani,Mand,,Sheikh Rashid Bin Saeed Al Maktoum Street,United Arab Emirates,Ajman,0,04382485886,5445364960342550,2033,10,228
CUST-10110,Nikita Hans,charanhalder@example.org,6485786891,Abu Dhabi,5/10/2024,Mr,Nikita,Hans,Jr,Corniche Street ,United Arab Emirates,Abu Dhabi,0,6485786891.00,5559019164703570,2031,5,652
CUST-10111,Brinda Sinha,hritik63@example.org,00953298447,Abu Dhabi,2/19/2025,Dr,Brinda,Sinha,Sr,Sheikh Hamdan Bin Mohammed Street,United Arab Emirates,Abu Dhabi,0,00953298447,2358806076838990,2035,11,241
CUST-10112,Isaiah Misra,zchoudhary@example.net,914581814434,Sharjah,1/17/2024,,Isaiah,Misra,DDS,Al Mina Street,United Arab Emirates,Sharjah,0,914581814434.00,9650715953852440,2031,6,348
CUST-10113,Luke Dasgupta,moraromisha@example.org,07521555321,Dubai,8/19/2024,Dr,Luke,Dasgupta,Esq,Jumeirah Beach Road,United Arab Emirates,Dubai,0,07521555321,2433252383619300,2031,1,564
CUST-10114,Bhanumati Pillai,farajpandya@example.com,05156171370,Abu Dhabi,7/4/2024,,Bhanumati,Pillai,Jr,Zayed The First Street,United Arab Emirates,Abu Dhabi,0,05156171370,9548953799404540,2030,3,979
CUST-10115,Gavin Shroff,bajajumang@example.net,1777815281,Ajman,6/20/2025,Dr,Gavin,Shroff,III,Sheikh Rashid Bin Saeed Al Maktoum Street,United Arab Emirates,Ajman,0,1777815281.00,7673675587884770,2028,11,871
CUST-10116,Ridhi Kulkarni,niharika85@example.net,917504985064,Sharjah,6/16/2024,Miss,Ridhi,Kulkarni,III,Sheikh Mohammed Bin Zayed Road,United Arab Emirates,Sharjah,0,917504985064.00,9726834361928890,2026,8,913
CUST-10117,Inaya Tara,apteishanvi@example.org,914175724011,Sharjah,6/30/2024,,Inaya,Tara,DDS,Corniche Street,United Arab Emirates,Sharjah,0,914175724011.00,6949654894270960,2034,8,576
CUST-10118,Chaitaly Baral,dprasad@example.org,910927715577,Ajman,2/8/2025,,Chaitaly,Baral,,Sheikh Mohammed Bin Zayed Road,United Arab Emirates,Ajman,0,910927715577.00,7211991640159970,2033,2,516
CUST-10119,Naksh Gade,ddevan@example.org,00405579143,Dubai,6/7/2025,,Naksh,Gade,PHD,Sheikh Zayed Road,United Arab Emirates,Dubai,0,00405579143,8734419796401230,2034,2,783
CUST-10120,Nikita Vala,lohit83@example.com,913423154131,Sharjah,4/26/2024,Mr,Nikita,Vala,Sr,Sheikh Mohammed Bin Zayed Road,United Arab Emirates,Sharjah,0,913423154131.00,3521171067923820,2033,9,534
CUST-10121,Aachal Sood,ramaabeer@example.org,03209222591,Abu Dhabi,10/2/2025,Dr,Aachal,Sood,,Sheikh Zayed bin Sultan Street,United Arab Emirates,Abu Dhabi,0,03209222591,8146860978018960,2034,8,392
CUST-10122,Patrick Murthy,ethanmallick@example.org,2959966324,Ajman,4/29/2024,,Patrick,Murthy,,Ajman Corniche Road,United Arab Emirates,Ajman,0,2959966324.00,3001399990750200,2028,9,250
CUST-10123,Samaksh Dara,isaiah43@example.com,00147198515,Dubai,5/19/2025,,Samaksh,Dara,Jr,Al Seef Street,United Arab Emirates,Dubai,0,00147198515,6948155614878880,2030,9,821
CUST-10124,Henry Choudhary,duttazarna@example.net,912795088562,Abu Dhabi,11/17/2025,,Henry,Choudhary,,Zayed The First Street,United Arab Emirates,Abu Dhabi,0,912795088562.00,4348464586202400,2035,1,506
CUST-10125,Kevin Bahl,yashica45@example.net,8219796268,Abu Dhabi,4/24/2025,Mrs,Kevin,Bahl,PHD,Sheikh Rashid Bin Saeed Street ,United Arab Emirates,Abu Dhabi,0,8219796268.00,9751770741716320,2033,7,919
CUST-10126,Fiyaz Bains,chanchal91@example.org,05079413125,Abu Dhabi,3/5/2025,,Fiyaz,Bains,Jr,Sheikh Hamdan Bin Mohammed Street,United Arab Emirates,Abu Dhabi,0,05079413125,8252850510995390,2034,8,252
CUST-10127,Udarsh Chaudhari,inadig@example.org,03911959937,Ajman,4/18/2024,Mrs,Udarsh,Chaudhari,Jr,Sheikh Khalifa Bin Zayed Al Nahyan Street,United Arab Emirates,Ajman,0,03911959937,5683039259164260,2028,5,432
CUST-10128,Udarsh Jain,radha69@example.org,915760322542,Sharjah,8/1/2024,Mrs,Udarsh,Jain,DDS,Sheikh Mohammed Bin Zayed Road,United Arab Emirates,Sharjah,0,915760322542.00,3726342070996030,2031,7,904
CUST-10129,Isaac Menon,yastizacharia@example.org,914977876914,Abu Dhabi,9/27/2025,Mr,Isaac,Menon,Jr,Sheikh Zayed bin Sultan Street,United Arab Emirates,Abu Dhabi,0,914977876914.00,7523300456327040,2029,1,294
CUST-10130,Krishna Luthra,akshay65@example.net,6731029333,Dubai,11/18/2025,,Krishna,Luthra,MD,2nd of December Street,United Arab Emirates,Dubai,0,6731029333.00,7339434686396580,2029,6,202
CUST-10131,Umang Aurora,michael89@example.net,0973952873,Abu Dhabi,4/12/2025,,Umang,Aurora,Jr,Zayed The First Street,United Arab Emirates,Abu Dhabi,0,0973952873,1150910672086080,2029,2,825
CUST-10132,Urvi Deol,suraayaan@example.net,09118619890,Dubai,7/18/2024,Mrs,Urvi,Deol,Sr,2nd of December Street,United Arab Emirates,Dubai,0,09118619890,9248283271091330,2034,8,858
CUST-10133,Akshay Wason,oaggarwal@example.org,07583808998,Sharjah,1/17/2025,,Akshay,Wason,,King Faisal Street,United Arab Emirates,Sharjah,0,07583808998,4737391909841420,2035,12,471
CUST-10134,Sudiksha Dayal,agastya21@example.com,09970190814,Ajman,11/8/2025,,Sudiksha,Dayal,,Sheikh Ammar Bin Humaid Al Nuaimi Street,United Arab Emirates,Ajman,0,09970190814,1982444227495640,2034,11,202
CUST-10135,Parth Parsa,hwalla@example.com,07791358336,Ajman,4/20/2025,Dr,Parth,Parsa,,Ajman Corniche Road,United Arab Emirates,Ajman,0,07791358336,7037242207705020,2031,10,473
CUST-10136,Leena Sahni,sankarbhavani@example.com,917561017931,Dubai,3/6/2025,Ms,Leena,Sahni,Sr,2nd of December Street,United Arab Emirates,Dubai,0,917561017931.00,9561469662420460,2031,9,266
CUST-10137,Hamsini Karpe,ydhar@example.com,917650101577,Ajman,9/27/2024,Ms,Hamsini,Karpe,MD,University Street,United Arab Emirates,Ajman,0,917650101577.00,9172490718155060,2031,10,832
CUST-10138,Bina Solanki,rajagopalsai@example.net,7347557487,Dubai,3/31/2025,Mrs,Bina,Solanki,MD,Al Wasl Road,United Arab Emirates,Dubai,0,7347557487.00,1158532376510590,2029,8,711
CUST-10139,Varenya Muni,siya51@example.org,917067580130,Sharjah,9/10/2024,Mr,Varenya,Muni,DDS,King Faisal Street,United Arab Emirates,Sharjah,0,917067580130.00,7394042183608340,2029,2,228
CUST-10140,Nandini Chandra,aryaaishani@example.org,09258612050,Ajman,2/25/2025,Mrs,Nandini,Chandra,DDS,Ajman Corniche Road,United Arab Emirates,Ajman,0,09258612050,9927047665186940,2031,12,538
CUST-10141,Chanchal Mahal,draju@example.org,6441029004,Abu Dhabi,10/30/2025,Dr,Chanchal,Mahal,PHD,Zayed The First Street,United Arab Emirates,Abu Dhabi,0,6441029004.00,2796044658169910,2032,12,108
CUST-10142,Shravya Shroff,sharmayamini@example.org,07664844495,Dubai,11/26/2025,,Shravya,Shroff,PHD,2nd of December Street,United Arab Emirates,Dubai,0,07664844495,1721073349009660,2028,9,322
CUST-10143,Yauvani Dara,finn08@example.net,9827275258,Ajman,1/13/2025,Miss,Yauvani,Dara,MD,University Street,United Arab Emirates,Ajman,0,9827275258.00,3395610826442010,2030,4,941
CUST-10144,Dhruv Rau,garora@example.net,914564806871,Ajman,4/16/2024,,Dhruv,Rau,MD,Sheikh Mohammed Bin Zayed Road,United Arab Emirates,Ajman,0,914564806871.00,2697678632320250,2028,5,752
CUST-10145,Anay Patla,xkunda@example.net,918675534145,Sharjah,2/17/2025,Mrs,Anay,Patla,MD,Corniche Street,United Arab Emirates,Sharjah,0,918675534145.00,9804820783445860,2032,10,739
CUST-10146,Chakradev Tandon,darzaitra@example.net,913683476044,Ajman,11/17/2025,Dr,Chakradev,Tandon,Esq,Sheikh Rashid Bin Saeed Al Maktoum Street,United Arab Emirates,Ajman,0,913683476044.00,2907562534764090,2031,1,416
CUST-10147,Manya Kapadia,amrutabhargava@example.com,912300912833,Dubai,3/17/2025,,Manya,Kapadia,MD,Sheikh Zayed Road,United Arab Emirates,Dubai,0,912300912833.00,3519204355360340,2029,10,495
CUST-10148,Tanay Taneja,trastogi@example.com,09878087482,Abu Dhabi,3/13/2025,,Tanay,Taneja,DDS,Zayed The First Street,United Arab Emirates,Abu Dhabi,0,09878087482,1272054866788180,2027,11,685
CUST-10149,Yoshita Bahri,ekansh68@example.net,5198719504,Sharjah,5/12/2025,,Yoshita,Bahri,DDS,King Faisal Street,United Arab Emirates,Sharjah,0,5198719504.00,7602068468017760,2027,11,382
CUST-10150,Qabil Raman,mistrynilima@example.com,919612161117,Dubai,10/8/2024,,Qabil,Raman,MD,Jumeirah Beach Road,United Arab Emirates,Dubai,0,919612161117.00,5969790629263150,2029,10,516
CUST-10151,Ryan Mall,chanadiya@example.com,915762789532,Dubai,12/30/2025,,Ryan,Mall,Jr,Jumeirah Beach Road,United Arab Emirates,Dubai,0,915762789532.00,8722402792236650,2028,8,202
CUST-10152,Aashi Mani,rsolanki@example.com,9539133697,Ajman,7/4/2025,,Aashi,Mani,PHD,Sheikh Khalifa Bin Zayed Al Nahyan Street,United Arab Emirates,Ajman,0,9539133697.00,4475566674714590,2029,1,332
CUST-10153,Avi Menon,baniknisha@example.com,3760969276,Sharjah,6/14/2024,,Avi,Menon,Esq,Sheikh Mohammed Bin Zayed Road,United Arab Emirates,Sharjah,0,3760969276.00,3338768019562210,2029,2,783
CUST-10154,Chameli Shan,diptakrishna@example.com,01001857061,Ajman,4/29/2024,Dr,Chameli,Shan,,Ajman Corniche Road,United Arab Emirates,Ajman,0,01001857061,3294415359049720,2032,12,992
CUST-10155,Gunbir Magar,masoniyer@example.net,05896927766,Abu Dhabi,7/7/2024,Ms,Gunbir,Magar,,Sheikh Hamdan Bin Mohammed Street,United Arab Emirates,Abu Dhabi,0,05896927766,1347716711175390,2031,11,562
CUST-10156,Naveen Dua,qhanda@example.com,5910172908,Dubai,5/31/2025,Dr,Naveen,Dua,Jr,2nd of December Street,United Arab Emirates,Dubai,0,5910172908.00,7846489969923020,2029,6,972
CUST-10157,Veda Panchal,rsha@example.com,918719786686,Sharjah,11/25/2024,Dr,Veda,Panchal,DDS,Al Wahda Street,United Arab Emirates,Sharjah,0,918719786686.00,6407770997348810,2029,4,263
CUST-10158,Jairaj Krishnamurthy,bajajhemani@example.com,06243573269,Ajman,11/6/2025,Mr,Jairaj,Krishnamurthy,DDS,Sheikh Rashid Bin Saeed Al Maktoum Street,United Arab Emirates,Ajman,0,06243573269,7978053428135240,2032,8,782
CUST-10159,Rushil Bir,jagvi97@example.com,05455359612,Sharjah,10/5/2024,Mrs,Rushil,Bir,MD,Sheikh Mohammed Bin Zayed Road,United Arab Emirates,Sharjah,0,05455359612,1794641544838290,2027,5,961
CUST-10160,Yashodhara Kakar,wadhwaprisha@example.org,06387179070,Sharjah,8/13/2025,Miss,Yashodhara,Kakar,Esq,Al Arouba Street,United Arab Emirates,Sharjah,0,06387179070,9617840100052600,2033,2,438
CUST-10161,Om Modi,panchalzayan@example.com,7223821626,Ajman,9/24/2025,,Om,Modi,Sr,University Street,United Arab Emirates,Ajman,0,7223821626.00,5292703036353220,2027,5,296
CUST-10162,Saksham Nagarajan,krishnawarinder@example.com,5680137726,Abu Dhabi,6/2/2025,Mr,Saksham,Nagarajan,Sr,Zayed The First Street,United Arab Emirates,Abu Dhabi,0,5680137726.00,7726965608369240,2034,3,236
CUST-10163,Ekta Mukhopadhyay,chakrika85@example.org,910131208124,Ajman,5/28/2024,Mrs,Ekta,Mukhopadhyay,Jr,Sheikh Khalifa Bin Zayed Al Nahyan Street,United Arab Emirates,Ajman,0,910131208124.00,2463942197622840,2027,5,445
CUST-10164,Radhika Reddy,fkalita@example.com,04913222084,Ajman,2/17/2024,Mrs,Radhika,Reddy,Jr,University Street,United Arab Emirates,Ajman,0,04913222084,9971652770039940,2032,10,570
CUST-10165,Gunbir Garg,harshsangha@example.com,2816636203,Dubai,8/25/2024,,Gunbir,Garg,DDS,Jumeirah Beach Road,United Arab Emirates,Dubai,0,2816636203.00,7728945608644790,2028,4,598
CUST-10166,Ekanta Singhal,vrittiben@example.com,1510908652,Abu Dhabi,12/9/2025,Mr,Ekanta,Singhal,DDS,Sultan Bin Zayed The First Street,United Arab Emirates,Abu Dhabi,0,1510908652.00,4410560480873910,2035,4,802
CUST-10167,Nikita Naik,chandanipal@example.org,05831471297,Dubai,3/27/2025,Mrs,Nikita,Naik,PHD,Al Wasl Road,United Arab Emirates,Dubai,0,05831471297,5992268857079320,2028,12,206
CUST-10168,Kamala Chacko,gdua@example.net,918659739496,Ajman,3/29/2024,Mr,Kamala,Chacko,,Sheikh Khalifa Bin Zayed Al Nahyan Street,United Arab Emirates,Ajman,0,918659739496.00,5884369953221460,2026,5,990
CUST-10169,Yochana Palla,harsh88@example.com,916860556833,Ajman,6/27/2024,,Yochana,Palla,DDS,Sheikh Mohammed Bin Zayed Road,United Arab Emirates,Ajman,0,916860556833.00,1237985009561330,2035,5,207
CUST-10170,Jagvi Deol,odas@example.org,6862710865,Dubai,1/9/2025,,Jagvi,Deol,,Sheikh Mohammed bin Rashid Boulevard,United Arab Emirates,Dubai,0,6862710865.00,6557067944484800,2028,4,844
CUST-10171,Yatan Jain,senguptaavni@example.org,00303954179,Abu Dhabi,10/15/2025,Ms,Yatan,Jain,Esq,Sheikh Rashid Bin Saeed Street ,United Arab Emirates,Abu Dhabi,0,00303954179,7519739033943110,2031,12,909
CUST-10172,Ekaja Nair,chamelioza@example.org,4839347834,Sharjah,6/27/2024,,Ekaja,Nair,Esq,Al Mina Street,United Arab Emirates,Sharjah,0,4839347834.00,7483316127597680,2030,6,676
CUST-10173,Quincy Purohit,azadsavant@example.com,916813473104,Sharjah,1/1/2025,Mr,Quincy,Purohit,DDS,Al Wahda Street,United Arab Emirates,Sharjah,0,916813473104.00,9482691332539680,2032,4,988
CUST-10174,Osha Borah,adityanair@example.org,4756048648,Abu Dhabi,5/15/2024,Mr,Osha,Borah,PHD,Sultan Bin Zayed The First Street,United Arab Emirates,Abu Dhabi,0,4756048648.00,1595159664454100,2028,3,786
CUST-10175,Ojasvi Ahluwalia,hkoshy@example.org,916009577534,Dubai,12/24/2024,Ms,Ojasvi,Ahluwalia,DDS,Jumeirah Beach Road,United Arab Emirates,Dubai,0,916009577534.00,3883750785873060,2030,10,991
CUST-10176,Chavvi Chand,ekarajnarasimhan@example.net,05236926415,Abu Dhabi,7/16/2025,Dr,Chavvi,Chand,,Corniche Street ,United Arab Emirates,Abu Dhabi,0,05236926415,3753151534860620,2028,11,154
CUST-10177,Avi Hans,cramesh@example.org,916728590336,Dubai,8/22/2024,,Avi,Hans,,Jumeirah Beach Road,United Arab Emirates,Dubai,0,916728590336.00,6945464647005070,2027,2,169
CUST-10178,Gavin Kunda,janakichakraborty@example.com,1689553680,Ajman,8/4/2025,Mr,Gavin,Kunda,,Sheikh Rashid Bin Saeed Al Maktoum Street,United Arab Emirates,Ajman,0,1689553680.00,7339870011141020,2026,7,302
CUST-10179,Logan Lalla,regetanvi@example.com,01047378021,Sharjah,9/13/2024,Mrs,Logan,Lalla,MD,Al Mina Street,United Arab Emirates,Sharjah,0,01047378021,1339451149623650,2030,10,852
CUST-10180,Jackson Karnik,sharmasai@example.org,6821175624,Dubai,1/9/2026,Mrs,Jackson,Karnik,,Sheikh Mohammed bin Rashid Boulevard,United Arab Emirates,Dubai,0,6821175624.00,1289311578501580,2026,7,985
CUST-10181,Eta Ahuja,laksh93@example.com,5190112398,Dubai,11/16/2025,Mr,Eta,Ahuja,III,Sheikh Mohammed bin Rashid Boulevard,United Arab Emirates,Dubai,0,5190112398.00,8218593402900780,2031,10,165
CUST-10182,Christopher Bedi,rameshzinal@example.net,912899645251,Abu Dhabi,6/30/2024,Dr,Christopher,Bedi,Jr,Sheikh Hamdan Bin Mohammed Street,United Arab Emirates,Abu Dhabi,0,912899645251.00,1070754612924930,2026,10,896
CUST-10183,Girik Dube,hemang48@example.com,03304154861,Dubai,5/15/2025,,Girik,Dube,Jr,Sheikh Mohammed bin Rashid Boulevard,United Arab Emirates,Dubai,0,03304154861,7057648326597030,2028,1,828
CUST-10184,Devika Kapoor,avig@example.com,02646242430,Ajman,12/24/2024,,Devika,Kapoor,,Sheikh Ammar Bin Humaid Al Nuaimi Street,United Arab Emirates,Ajman,0,02646242430,5826331353017340,2031,4,775
CUST-10185,Janani Pillay,senguptaaradhana@example.org,916965411894,Ajman,1/19/2024,Ms,Janani,Pillay,PHD,Sheikh Rashid Bin Saeed Al Maktoum Street,United Arab Emirates,Ajman,0,916965411894.00,6547033556732010,2027,4,968
CUST-10186,Samuel Rastogi,samesh44@example.com,07839000946,Ajman,6/11/2025,,Samuel,Rastogi,,Sheikh Ammar Bin Humaid Al Nuaimi Street,United Arab Emirates,Ajman,0,07839000946,8952756291948970,2032,6,947
CUST-10187,Nathan Chandra,tristan07@example.org,9438723432,Sharjah,5/16/2024,Miss,Nathan,Chandra,PHD,Sheikh Mohammed Bin Zayed Road,United Arab Emirates,Sharjah,0,9438723432.00,7595618025520280,2028,6,132
CUST-10188,Lipika Sekhon,paibrijesh@example.org,7789713539,Abu Dhabi,12/26/2025,,Lipika,Sekhon,DDS,Sheikh Zayed bin Sultan Street,United Arab Emirates,Abu Dhabi,0,7789713539.00,9363795894143580,2029,12,834
CUST-10189,Varenya Balan,battaurvi@example.net,0915097353,Ajman,3/20/2024,Ms,Varenya,Balan,Jr,University Street,United Arab Emirates,Ajman,0,0915097353,8062493876390920,2026,8,148
CUST-10190,Zashil Devi,upkaar95@example.org,918325316564,Abu Dhabi,9/17/2025,Mrs,Zashil,Devi,MD,Sheikh Rashid Bin Saeed Street ,United Arab Emirates,Abu Dhabi,0,918325316564.00,2299754154489300,2030,2,994
CUST-10191,Kavya Sur,lilagrewal@example.com,3922778729,Abu Dhabi,11/24/2024,Ms,Kavya,Sur,,Sheikh Rashid Bin Saeed Street ,United Arab Emirates,Abu Dhabi,0,3922778729.00,2314084314371140,2026,1,278
CUST-10192,Rajata Nath,siyakota@example.com,918981012953,Sharjah,6/28/2024,Dr,Rajata,Nath,Esq,Corniche Street,United Arab Emirates,Sharjah,0,918981012953.00,7546515631976740,2026,10,779
CUST-10193,Xiti Lall,prabhakaryashica@example.net,01180086197,Ajman,11/8/2024,,Xiti,Lall,Jr,Sheikh Mohammed Bin Zayed Road,United Arab Emirates,Ajman,0,01180086197,2838344329750090,2029,12,906
CUST-10194,Mekhala Lala,dominicmistry@example.org,09565686843,Ajman,10/30/2024,,Mekhala,Lala,Esq,Ajman Corniche Road,United Arab Emirates,Ajman,0,09565686843,5725530406145680,2035,4,560
CUST-10195,Dominic Dyal,radhika19@example.com,04699009685,Abu Dhabi,2/28/2024,Ms,Dominic,Dyal,DDS,Zayed The First Street,United Arab Emirates,Abu Dhabi,0,04699009685,2023300970854760,2032,5,619
CUST-10196,Bimala Panchal,rajubalvan@example.org,06416887599,Dubai,8/7/2025,,Bimala,Panchal,MD,Al Seef Street,United Arab Emirates,Dubai,0,06416887599,8453265332105810,2027,5,802
CUST-10197,Pranit Chacko,kothariviraj@example.net,05985394494,Abu Dhabi,5/27/2024,Dr,Pranit,Chacko,PHD,Zayed The First Street,United Arab Emirates,Abu Dhabi,0,05985394494,2684930248187510,2035,12,774
CUST-10198,Daksha Swaminathan,tanvi59@example.com,04988959810,Sharjah,10/1/2024,Mrs,Daksha,Swaminathan,Sr,Al Arouba Street,United Arab Emirates,Sharjah,0,04988959810,9465389654376350,2027,12,169
CUST-10199,Utkarsh Sane,lohitbali@example.org,8473811330,Abu Dhabi,4/5/2024,Mr,Utkarsh,Sane,MD,Sheikh Rashid Bin Saeed Street ,United Arab Emirates,Abu Dhabi,0,8473811330.00,6083771010884690,2026,10,822
CUST-10200,Finn Deep,miteshkrish@example.org,918214200476,Sharjah,3/4/2025,Mr,Finn,Deep,,Corniche Street,United Arab Emirates,Sharjah,0,918214200476.00,4539639692421010,2032,6,578
CUST-10201,Advaith Ravel,vasatika32@example.net,2149428689,Abu Dhabi,9/8/2025,Miss,Advaith,Ravel,Sr,Sultan Bin Zayed The First Street,United Arab Emirates,Abu Dhabi,0,2149428689.00,5463614000526690,2033,10,289
CUST-10202,Harsh Vyas,anirudhgill@example.net,06460958657,Dubai,6/20/2025,,Harsh,Vyas,Esq,Sheikh Zayed Road,United Arab Emirates,Dubai,0,06460958657,3204336076478720,2030,2,696
CUST-10203,Yatin Kar,bandinidra@example.net,1248040275,Ajman,9/26/2025,,Yatin,Kar,III,Sheikh Rashid Bin Saeed Al Maktoum Street,United Arab Emirates,Ajman,0,1248040275.00,5704276302495940,2034,10,313
CUST-10204,Pratyush Brar,inayanazareth@example.com,08555120789,Dubai,1/20/2025,,Pratyush,Brar,,Jumeirah Beach Road,United Arab Emirates,Dubai,0,08555120789,2286599615228110,2029,2,751
CUST-10205,Daksh Pathak,rastogidaniel@example.org,916963499962,Dubai,1/25/2024,Ms,Daksh,Pathak,Esq,Jumeirah Beach Road,United Arab Emirates,Dubai,0,916963499962.00,2876577281920650,2026,9,712
CUST-10206,Tripti Rama,nishadey@example.com,00105714767,Dubai,11/29/2024,Mr,Tripti,Rama,Sr,Al Seef Street,United Arab Emirates,Dubai,0,00105714767,1011147966688740,2029,7,523
CUST-10207,Sneha Walia,vmaharaj@example.net,9700363979,Sharjah,1/28/2024,Miss,Sneha,Walia,MD,Sheikh Mohammed Bin Zayed Road,United Arab Emirates,Sharjah,0,9700363979.00,8779087780900780,2029,7,999
CUST-10208,Oscar Sinha,rkaur@example.net,8207968899,Dubai,1/20/2025,Miss,Oscar,Sinha,MD,2nd of December Street,United Arab Emirates,Dubai,0,8207968899.00,5061472461118380,2030,2,674
CUST-10209,Azad Bajaj,mparmar@example.net,915965403706,Dubai,8/9/2025,Dr,Azad,Bajaj,,Jumeirah Beach Road,United Arab Emirates,Dubai,0,915965403706.00,1778597405323330,2026,5,475
CUST-10210,Oliver Shah,babujasmit@example.com,02439490544,Sharjah,1/11/2024,Miss,Oliver,Shah,Jr,King Faisal Street,United Arab Emirates,Sharjah,0,02439490544,6523189509928090,2026,7,243
CUST-10211,Samuel Choudhry,xrajagopal@example.org,08449443634,Abu Dhabi,10/30/2025,Miss,Samuel,Choudhry,Sr,Sheikh Hamdan Bin Mohammed Street,United Arab Emirates,Abu Dhabi,0,08449443634,2844069150646390,2032,4,588
CUST-10212,Hiral Natarajan,gaurika50@example.net,2254249087,Dubai,11/21/2024,Miss,Hiral,Natarajan,Sr,Al Wasl Road,United Arab Emirates,Dubai,0,2254249087.00,5100926605411090,2031,10,870
CUST-10213,Jagdish Contractor,shaurya31@example.net,03638614002,Dubai,5/2/2025,,Jagdish,Contractor,Sr,Jumeirah Beach Road,United Arab Emirates,Dubai,0,03638614002,5693186975005100,2026,12,302
CUST-10214,Abhiram Misra,seshadrigeorge@example.com,8931040426,Abu Dhabi,6/7/2024,,Abhiram,Misra,MD,Sheikh Hamdan Bin Mohammed Street,United Arab Emirates,Abu Dhabi,0,8931040426.00,8282858357582180,2028,10,851
CUST-10215,Karan Subramanian,gnatarajan@example.com,06478135160,Ajman,10/11/2025,Mrs,Karan,Subramanian,PHD,Sheikh Khalifa Bin Zayed Al Nahyan Street,United Arab Emirates,Ajman,0,06478135160,6984920526716900,2034,11,214
CUST-10216,Aarnav Kuruvilla,farhannori@example.org,915082089960,Abu Dhabi,11/20/2025,Dr,Aarnav,Kuruvilla,,Corniche Street ,United Arab Emirates,Abu Dhabi,0,915082089960.00,9222566648899840,2027,8,782
CUST-10217,Amruta Uppal,gbains@example.org,913576308661,Dubai,8/27/2024,Mrs,Amruta,Uppal,Esq,Al Seef Street,United Arab Emirates,Dubai,0,913576308661.00,7543763040831540,2030,3,941
CUST-10218,Gautami Vyas,vbhargava@example.com,01455842706,Dubai,12/10/2024,Mr,Gautami,Vyas,DDS,2nd of December Street,United Arab Emirates,Dubai,0,01455842706,4032401895771220,2034,10,319
CUST-10219,Charvi Pradhan,henry19@example.net,7404388753,Dubai,12/24/2024,Mrs,Charvi,Pradhan,MD,Al Wasl Road,United Arab Emirates,Dubai,0,7404388753.00,3069375747818760,2028,1,531
CUST-10220,Vihaan Pingle,nehadoshi@example.net,00197678027,Sharjah,10/25/2025,Miss,Vihaan,Pingle,,Al Wahda Street,United Arab Emirates,Sharjah,0,00197678027,4658890814608970,2034,2,728
CUST-10221,Isaiah Shanker,venkateshonveer@example.org,915650593127,Dubai,9/10/2024,Ms,Isaiah,Shanker,,Jumeirah Beach Road,United Arab Emirates,Dubai,0,915650593127.00,3519675032854060,2030,7,971
CUST-10222,Yashasvi Iyer,ichatterjee@example.net,02489485011,Ajman,4/2/2024,Miss,Yashasvi,Iyer,MD,Sheikh Khalifa Bin Zayed Al Nahyan Street,United Arab Emirates,Ajman,0,02489485011,8060082815456740,2029,7,592
CUST-10223,Yauvani Sawhney,varshabedi@example.net,916860636097,Sharjah,11/3/2025,,Yauvani,Sawhney,Sr,Sheikh Mohammed Bin Zayed Road,United Arab Emirates,Sharjah,0,916860636097.00,9656378724004540,2031,8,569
CUST-10224,Aishani Khurana,rushil61@example.net,919788095325,Abu Dhabi,7/16/2025,Ms,Aishani,Khurana,,Sheikh Hamdan Bin Mohammed Street,United Arab Emirates,Abu Dhabi,0,919788095325.00,8491186912054650,2032,12,166
CUST-10225,Abeer Babu,odhar@example.net,919854799581,Dubai,11/7/2025,,Abeer,Babu,,2nd of December Street,United Arab Emirates,Dubai,0,919854799581.00,8287887835211530,2028,9,510
CUST-10226,Yadavi Sinha,fsachar@example.com,07953739092,Ajman,9/19/2025,Mrs,Yadavi,Sinha,III,Sheikh Rashid Bin Saeed Al Maktoum Street,United Arab Emirates,Ajman,0,07953739092,6924298755085060,2029,5,627
CUST-10227,Jagdish Sinha,garimaagrawal@example.com,4910060275,Dubai,5/14/2025,,Jagdish,Sinha,,Sheikh Zayed Road,United Arab Emirates,Dubai,0,4910060275.00,7173644064661450,2033,12,195
CUST-10228,Harita Sastry,prishabadami@example.net,911723844818,Sharjah,6/21/2025,Mr,Harita,Sastry,MD,Al Arouba Street,United Arab Emirates,Sharjah,0,911723844818.00,4866159925318540,2034,3,936
CUST-10229,Yashica Varkey,dashhitesh@example.org,1494705729,Dubai,10/29/2025,Ms,Yashica,Varkey,,2nd of December Street,United Arab Emirates,Dubai,0,1494705729.00,3181442676369090,2031,4,282
CUST-10230,Devansh Chand,wakeeta38@example.org,05450021782,Sharjah,2/4/2024,Miss,Devansh,Chand,MD,Al Wahda Street,United Arab Emirates,Sharjah,0,05450021782,3194719631385340,2031,6,503
CUST-10231,Ganga Nair,xgour@example.org,4898090531,Ajman,1/7/2025,,Ganga,Nair,PHD,Sheikh Khalifa Bin Zayed Al Nahyan Street,United Arab Emirates,Ajman,0,4898090531.00,1851511580191860,2033,8,774
CUST-10232,Karan Palla,logan24@example.org,4349402822,Sharjah,7/11/2025,,Karan,Palla,,Corniche Street,United Arab Emirates,Sharjah,0,4349402822.00,9093733091615300,2028,2,617
CUST-10233,Vasana Babu,balveervyas@example.org,3779749216,Ajman,11/16/2024,Dr,Vasana,Babu,Sr,University Street,United Arab Emirates,Ajman,0,3779749216.00,9964192126969630,2026,10,184
CUST-10234,Chameli Raja,faqidsethi@example.org,09232798951,Ajman,2/9/2024,Dr,Chameli,Raja,,Sheikh Khalifa Bin Zayed Al Nahyan Street,United Arab Emirates,Ajman,0,09232798951,2075461045426070,2030,11,645
CUST-10235,Sudiksha Sama,indiradas@example.com,01873398929,Dubai,2/11/2025,Mrs,Sudiksha,Sama,DDS,Al Wasl Road,United Arab Emirates,Dubai,0,01873398929,9741600157417960,2027,1,280
CUST-10236,Lakshmi Basu,barmannoah@example.com,07026520100,Sharjah,4/24/2024,,Lakshmi,Basu,Jr,Al Mina Street,United Arab Emirates,Sharjah,0,07026520100,1445547746442600,2029,3,232
CUST-10237,Bachittar Bir,christopherthakur@example.com,912148184338,Dubai,5/7/2025,Mr,Bachittar,Bir,DDS,Al Seef Street,United Arab Emirates,Dubai,0,912148184338.00,3568565606952320,2027,11,224
CUST-10238,Nandini Saha,fitan05@example.net,1527006764,Ajman,5/31/2025,Miss,Nandini,Saha,Sr,Ajman Corniche Road,United Arab Emirates,Ajman,0,1527006764.00,1609007051817740,2031,6,475
CUST-10239,Ekantika Patla,egarde@example.org,01735846348,Ajman,5/31/2025,Dr,Ekantika,Patla,DDS,University Street,United Arab Emirates,Ajman,0,01735846348,7390156721422310,2027,3,863
CUST-10240,Baghyawati Palan,kjoshi@example.com,09901064223,Ajman,8/16/2025,Mr,Baghyawati,Palan,MD,Sheikh Mohammed Bin Zayed Road,United Arab Emirates,Ajman,0,09901064223,3171310745155700,2035,4,352
CUST-10241,Advika Saraf,daksheshnaidu@example.com,915284094590,Abu Dhabi,8/27/2025,,Advika,Saraf,Esq,Sultan Bin Zayed The First Street,United Arab Emirates,Abu Dhabi,0,915284094590.00,9674714777218810,2033,10,158
CUST-10242,Zayyan Master,kamala70@example.net,9861528958,Abu Dhabi,8/21/2025,Dr,Zayyan,Master,MD,Sheikh Hamdan Bin Mohammed Street,United Arab Emirates,Abu Dhabi,0,9861528958.00,9238307341874920,2031,5,973
CUST-10243,Jyoti Choudhury,bshankar@example.com,00112525359,Sharjah,3/31/2024,,Jyoti,Choudhury,Jr,King Faisal Street,United Arab Emirates,Sharjah,0,00112525359,1677152008720370,2034,9,985
CUST-10244,Vrinda Lad,varsha79@example.org,6965122734,Abu Dhabi,10/22/2025,,Vrinda,Lad,III,Sheikh Hamdan Bin Mohammed Street,United Arab Emirates,Abu Dhabi,0,6965122734.00,8917714235838200,2034,9,408
CUST-10245,Aryan Thakur,rajeshri58@example.org,7336118270,Dubai,1/18/2024,Mr,Aryan,Thakur,Esq,2nd of December Street,United Arab Emirates,Dubai,0,7336118270.00,4614060638648040,2029,10,258
CUST-10246,Vedant Rastogi,yashawini63@example.com,01509646142,Sharjah,5/29/2024,Mrs,Vedant,Rastogi,DDS,King Faisal Street,United Arab Emirates,Sharjah,0,01509646142,9378064663099360,2032,6,297
CUST-10247,Dev Rama,knatt@example.com,918333574031,Sharjah,8/8/2025,,Dev,Rama,Jr,Sheikh Mohammed Bin Zayed Road,United Arab Emirates,Sharjah,0,918333574031.00,3215854541611220,2026,10,525
CUST-10248,Charan Grewal,yohannanoviya@example.com,3006264475,Dubai,5/29/2025,Ms,Charan,Grewal,Sr,Al Seef Street,United Arab Emirates,Dubai,0,3006264475.00,3920113648802640,2033,8,119
CUST-10249,Sanaya Sule,samarthpai@example.net,5132872444,Abu Dhabi,10/30/2025,,Sanaya,Sule,III,Corniche Street ,United Arab Emirates,Abu Dhabi,0,5132872444.00,2643940450795620,2027,11,152
CUST-10250,Netra Madan,muniranveer@example.com,04651171800,Dubai,4/9/2025,,Netra,Madan,DDS,Al Wasl Road,United Arab Emirates,Dubai,0,04651171800,3509020368556450,2034,1,124
CUST-10251,Jeet Natt,mahluwalia@example.org,914525218608,Dubai,11/23/2025,,Jeet,Natt,,Sheikh Mohammed bin Rashid Boulevard,United Arab Emirates,Dubai,0,914525218608.00,6532585347622200,2035,12,714
CUST-10252,Dipta Anand,cyogi@example.net,910589279479,Sharjah,11/1/2024,,Dipta,Anand,,Sheikh Mohammed Bin Zayed Road,United Arab Emirates,Sharjah,0,910589279479.00,5829708327657800,2027,7,738
CUST-10253,Kavya Chatterjee,ybhat@example.org,08824341134,Abu Dhabi,3/9/2025,,Kavya,Chatterjee,,Sheikh Rashid Bin Saeed Street ,United Arab Emirates,Abu Dhabi,0,08824341134,2629215246621800,2029,4,257
CUST-10254,Rachana Hayre,uppalethan@example.com,6068645634,Abu Dhabi,3/7/2024,Miss,Rachana,Hayre,DDS,Corniche Street ,United Arab Emirates,Abu Dhabi,0,6068645634.00,6222804360612730,2034,3,478
CUST-10255,Lucky Mander,ekalingapathak@example.com,07522326732,Ajman,10/7/2025,,Lucky,Mander,MD,Sheikh Rashid Bin Saeed Al Maktoum Street,United Arab Emirates,Ajman,0,07522326732,4517840331041080,2035,12,932
CUST-10256,Prisha Dey,widishasachdev@example.org,912314144596,Abu Dhabi,4/28/2024,,Prisha,Dey,III,Sheikh Hamdan Bin Mohammed Street,United Arab Emirates,Abu Dhabi,0,912314144596.00,2824736230554240,2029,8,276
CUST-10257,Warhi Nayak,tarapillai@example.com,09249201567,Ajman,8/28/2025,,Warhi,Nayak,,Sheikh Mohammed Bin Zayed Road,United Arab Emirates,Ajman,0,09249201567,6496286784163410,2034,10,457
CUST-10258,Nitara Hans,uganesh@example.org,03594140758,Dubai,11/10/2024,,Nitara,Hans,Jr,Sheikh Zayed Road,United Arab Emirates,Dubai,0,03594140758,8259269719607410,2027,12,664
CUST-10259,Zilmil Warrior,darika23@example.org,910639585536,Sharjah,4/2/2025,Mrs,Zilmil,Warrior,,Al Arouba Street,United Arab Emirates,Sharjah,0,910639585536.00,8728896840284950,2027,11,351
CUST-10260,Udyati Deshmukh,kkashyap@example.org,912525590038,Ajman,8/17/2025,Mr,Udyati,Deshmukh,,Sheikh Khalifa Bin Zayed Al Nahyan Street,United Arab Emirates,Ajman,0,912525590038.00,7945696746037560,2026,2,808
CUST-10261,Lakshmi Mannan,jayaramanfiyaz@example.net,06248246409,Dubai,7/25/2024,,Lakshmi,Mannan,DDS,Al Wasl Road,United Arab Emirates,Dubai,0,06248246409,5521137190013930,2031,5,107
CUST-10262,Arjun Prakash,aadhya19@example.org,3225859939,Ajman,3/27/2025,Ms,Arjun,Prakash,MD,Sheikh Ammar Bin Humaid Al Nuaimi Street,United Arab Emirates,Ajman,0,3225859939.00,6298088826071570,2034,1,295
CUST-10263,Chanchal Trivedi,maanasbehl@example.org,0982073335,Ajman,10/7/2025,Mr,Chanchal,Trivedi,MD,Sheikh Rashid Bin Saeed Al Maktoum Street,United Arab Emirates,Ajman,0,0982073335,6098898067930400,2028,7,822
CUST-10264,Wakeeta Dada,harita13@example.com,911601346585,Sharjah,1/29/2024,Mrs,Wakeeta,Dada,III,Sheikh Mohammed Bin Zayed Road,United Arab Emirates,Sharjah,0,911601346585.00,7088943673175450,2026,7,783
CUST-10265,Aarush Bera,kadesuhani@example.com,913169740767,Sharjah,7/11/2024,,Aarush,Bera,Jr,King Faisal Street,United Arab Emirates,Sharjah,0,913169740767.00,7589018555373160,2028,8,824
CUST-10266,Fitan Dutta,baljiwan97@example.org,919880584976,Abu Dhabi,6/16/2025,Mr,Fitan,Dutta,MD,Sheikh Rashid Bin Saeed Street ,United Arab Emirates,Abu Dhabi,0,919880584976.00,8829437616106790,2031,2,644
CUST-10267,Vidhi Dar,nachiketdhillon@example.com,917534338977,Ajman,7/27/2024,,Vidhi,Dar,MD,Sheikh Khalifa Bin Zayed Al Nahyan Street,United Arab Emirates,Ajman,0,917534338977.00,1479200882726780,2027,6,352
CUST-10268,Qabil Chandran,chandranharshil@example.net,03490269275,Abu Dhabi,10/27/2024,,Qabil,Chandran,,Corniche Street ,United Arab Emirates,Abu Dhabi,0,03490269275,2850681247389700,2031,7,702
CUST-10269,Rachita Mander,sbhatti@example.net,912418818929,Abu Dhabi,11/2/2025,,Rachita,Mander,Jr,Zayed The First Street,United Arab Emirates,Abu Dhabi,0,912418818929.00,9231264642810750,2034,9,936
CUST-10270,Jhalak Pal,jlalla@example.com,08825756689,Sharjah,1/20/2025,Mr,Jhalak,Pal,DDS,Al Wahda Street,United Arab Emirates,Sharjah,0,08825756689,1628640860697270,2033,6,505
CUST-10271,Rayaan Kurian,fmangal@example.net,915654246997,Dubai,10/6/2024,,Rayaan,Kurian,PHD,Sheikh Mohammed bin Rashid Boulevard,United Arab Emirates,Dubai,0,915654246997.00,5703877498586300,2035,3,794
CUST-10272,Xavier Karan,rajata59@example.net,05114929294,Sharjah,3/3/2025,Dr,Xavier,Karan,PHD,Corniche Street,United Arab Emirates,Sharjah,0,05114929294,2176313325066090,2029,1,708
CUST-10273,Ekanta Devi,garima16@example.net,04807933843,Ajman,1/24/2024,Mr,Ekanta,Devi,Esq,Sheikh Mohammed Bin Zayed Road,United Arab Emirates,Ajman,0,04807933843,3261113452983070,2026,6,760
CUST-10274,Aashi Patel,gautamikari@example.net,01105362946,Sharjah,9/22/2024,Dr,Aashi,Patel,Esq,Sheikh Mohammed Bin Zayed Road,United Arab Emirates,Sharjah,0,01105362946,3101925894418230,2035,10,608
CUST-10275,Shivansh Char,csinha@example.com,06348660904,Dubai,12/5/2024,Dr,Shivansh,Char,Esq,Sheikh Zayed Road,United Arab Emirates,Dubai,0,06348660904,4688940627963120,2029,5,942
CUST-10276,Chakradhar Sangha,vasabenjamin@example.net,910993464374,Sharjah,9/7/2025,Mr,Chakradhar,Sangha,III,Al Wahda Street,United Arab Emirates,Sharjah,0,910993464374.00,6157173823368160,2028,4,851
CUST-10277,Ekantika Venkatesh,charangrover@example.net,3137076659,Dubai,9/24/2024,Ms,Ekantika,Venkatesh,Jr,Jumeirah Beach Road,United Arab Emirates,Dubai,0,3137076659.00,4399271842403350,2035,2,158
CUST-10278,Hardik Sabharwal,nazarethpahal@example.com,02687670582,Abu Dhabi,11/7/2024,Mr,Hardik,Sabharwal,PHD,Sheikh Rashid Bin Saeed Street ,United Arab Emirates,Abu Dhabi,0,02687670582,7985827731945580,2030,12,594
CUST-10279,Omkaar Oak,ekalingadugar@example.org,916095927825,Ajman,6/17/2025,Miss,Omkaar,Oak,,Sheikh Rashid Bin Saeed Al Maktoum Street,United Arab Emirates,Ajman,0,916095927825.00,8747682283748280,2026,11,682
CUST-10280,Aayush Ratta,sidhunimrat@example.org,916490752419,Ajman,11/21/2024,,Aayush,Ratta,III,University Street,United Arab Emirates,Ajman,0,916490752419.00,6893849542464860,2032,11,749
CUST-10281,Chameli Pai,wridesh22@example.com,5278937306,Ajman,4/30/2025,,Chameli,Pai,Jr,Sheikh Khalifa Bin Zayed Al Nahyan Street,United Arab Emirates,Ajman,0,5278937306.00,7590858713025270,2028,6,432
CUST-10282,Brijesh Savant,vedasem@example.com,915389864578,Ajman,7/13/2025,Ms,Brijesh,Savant,MD,University Street,United Arab Emirates,Ajman,0,915389864578.00,5616210761764430,2030,9,377
CUST-10283,Wahab Suresh,warhimanne@example.net,913227221531,Ajman,7/15/2025,Ms,Wahab,Suresh,Esq,University Street,United Arab Emirates,Ajman,0,913227221531.00,4683945522823350,2034,8,950
CUST-10284,Triya Shah,zcontractor@example.net,919311317538,Abu Dhabi,1/31/2025,Ms,Triya,Shah,Esq,Corniche Street ,United Arab Emirates,Abu Dhabi,0,919311317538.00,4263593022094540,2031,7,980
CUST-10285,Pushti Amble,oscarbal@example.com,6856431965,Abu Dhabi,3/1/2025,Dr,Pushti,Amble,Esq,Zayed The First Street,United Arab Emirates,Abu Dhabi,0,6856431965.00,8824828470193450,2030,5,105
CUST-10286,Amrita Ranganathan,rkakar@example.com,9506978256,Ajman,9/17/2024,,Amrita,Ranganathan,III,Sheikh Rashid Bin Saeed Al Maktoum Street,United Arab Emirates,Ajman,0,9506978256.00,3297366470667450,2034,1,397
CUST-10287,Champak Choudhury,pchad@example.net,00508611812,Ajman,8/26/2025,Dr,Champak,Choudhury,Sr,University Street,United Arab Emirates,Ajman,0,00508611812,7920404917935340,2028,12,708
CUST-10288,Warinder Sastry,chowdhuryvarenya@example.org,08686974310,Abu Dhabi,3/20/2024,Ms,Warinder,Sastry,Sr,Sheikh Rashid Bin Saeed Street ,United Arab Emirates,Abu Dhabi,0,08686974310,8939806138173410,2031,11,339
CUST-10289,Girish Mammen,divyarao@example.org,01941719680,Sharjah,12/12/2025,,Girish,Mammen,Esq,Al Wahda Street,United Arab Emirates,Sharjah,0,01941719680,4202392775269110,2035,10,243
CUST-10290,Balvan Bera,ekiya90@example.com,06126342408,Sharjah,12/8/2025,,Balvan,Bera,PHD,Al Arouba Street,United Arab Emirates,Sharjah,0,06126342408,6514632195757820,2028,8,739
CUST-10291,Bachittar Wable,damini83@example.org,08282790196,Abu Dhabi,10/10/2024,,Bachittar,Wable,MD,Corniche Street ,United Arab Emirates,Abu Dhabi,0,08282790196,5109008919163170,2026,2,246
CUST-10292,Vedhika Jhaveri,dugarrajeshri@example.org,01982303295,Abu Dhabi,2/13/2024,Ms,Vedhika,Jhaveri,Jr,Sheikh Hamdan Bin Mohammed Street,United Arab Emirates,Abu Dhabi,0,01982303295,7707534954394160,2027,7,172
CUST-10293,Osha Lall,xavierkhare@example.org,8572522638,Sharjah,4/11/2025,,Osha,Lall,Sr,Sheikh Mohammed Bin Zayed Road,United Arab Emirates,Sharjah,0,8572522638.00,4654935918700510,2035,5,708
CUST-10294,Eshana Magar,dayita69@example.net,09202745078,Abu Dhabi,1/15/2024,Dr,Eshana,Magar,PHD,Corniche Street ,United Arab Emirates,Abu Dhabi,0,09202745078,4746263179846970,2031,3,455
CUST-10295,Lajita Din,avni89@example.org,918359843982,Sharjah,8/26/2024,Mr,Lajita,Din,,King Faisal Street,United Arab Emirates,Sharjah,0,918359843982.00,7164948315387050,2027,1,657
CUST-10296,Falan Brar,parekhdarika@example.org,01821405522,Sharjah,4/24/2024,Miss,Falan,Brar,,Corniche Street,United Arab Emirates,Sharjah,0,01821405522,2434318459148190,2026,6,777
CUST-10297,Oliver Ramachandran,aarushkoshy@example.org,08381833904,Abu Dhabi,11/13/2025,Dr,Oliver,Ramachandran,DDS,Sheikh Hamdan Bin Mohammed Street,United Arab Emirates,Abu Dhabi,0,08381833904,3850730326162570,2030,1,169
CUST-10298,Nirja Ahuja,ladshivani@example.net,7511275495,Abu Dhabi,11/30/2025,,Nirja,Ahuja,PHD,Zayed The First Street,United Arab Emirates,Abu Dhabi,0,7511275495.00,7388515562223530,2035,8,319
CUST-10299,Aayush Badal,golaxavier@example.org,04219352913,Sharjah,6/9/2025,Mrs,Aayush,Badal,DDS,King Faisal Street,United Arab Emirates,Sharjah,0,04219352913,1104202265626980,2033,1,942
CUST-10300,Aradhana Wali,jbedi@example.org,06075367562,Abu Dhabi,7/9/2024,,Aradhana,Wali,Jr,Sheikh Hamdan Bin Mohammed Street,United Arab Emirates,Abu Dhabi,0,06075367562,5889657672572430,2035,6,379
CUST-10301,Bina Dalal,hayerwyatt@example.org,4368065937,Sharjah,1/30/2025,,Bina,Dalal,III,Corniche Street,United Arab Emirates,Sharjah,0,4368065937.00,4118069687864000,2029,3,206
CUST-10302,Sanya Warrior,dattanathaniel@example.com,910151708799,Abu Dhabi,9/27/2024,,Sanya,Warrior,,Sheikh Rashid Bin Saeed Street ,United Arab Emirates,Abu Dhabi,0,910151708799.00,4508388735124940,2034,8,228
CUST-10303,Eshana Hans,dsuri@example.net,913751929153,Dubai,7/14/2024,Dr,Eshana,Hans,,2nd of December Street,United Arab Emirates,Dubai,0,913751929153.00,8462845117792130,2032,8,425
CUST-10304,Akshay Sur,maanas77@example.net,913101812555,Dubai,7/25/2024,Dr,Akshay,Sur,DDS,2nd of December Street,United Arab Emirates,Dubai,0,913101812555.00,6262919700390460,2029,1,579
CUST-10305,Omisha Narula,nparmar@example.com,914933784527,Abu Dhabi,8/27/2025,Ms,Omisha,Narula,,Sheikh Zayed bin Sultan Street,United Arab Emirates,Abu Dhabi,0,914933784527.00,4535846645482720,2029,9,860
CUST-10306,Madhavi Pillay,buchraghav@example.net,04621608297,Ajman,7/11/2024,,Madhavi,Pillay,Sr,Sheikh Mohammed Bin Zayed Road,United Arab Emirates,Ajman,0,04621608297,9578455750310400,2031,10,434
CUST-10307,Yagnesh Vasa,walireyansh@example.net,914358683305,Sharjah,3/28/2025,,Yagnesh,Vasa,Sr,Al Arouba Street,United Arab Emirates,Sharjah,0,914358683305.00,9198690395720360,2031,9,205
CUST-10308,Ekapad Bal,kapurharini@example.net,06723562237,Sharjah,5/30/2025,Dr,Ekapad,Bal,Esq,Al Arouba Street,United Arab Emirates,Sharjah,0,06723562237,5564206818826020,2031,11,166
CUST-10309,Anthony Pathak,lopakothari@example.org,04666626862,Sharjah,4/24/2025,,Anthony,Pathak,,Al Wahda Street,United Arab Emirates,Sharjah,0,04666626862,9092813878198660,2033,9,513
CUST-10310,Adweta Kale,ykashyap@example.com,09158725204,Abu Dhabi,3/31/2024,Mr,Adweta,Kale,III,Sultan Bin Zayed The First Street,United Arab Emirates,Abu Dhabi,0,09158725204,5731380052703920,2033,5,265
CUST-10311,Yochana Magar,samraaarush@example.com,5175291971,Ajman,3/8/2024,,Yochana,Magar,,Sheikh Khalifa Bin Zayed Al Nahyan Street,United Arab Emirates,Ajman,0,5175291971.00,4326009146075590,2027,6,997
CUST-10312,Upasna Palan,bhattacharyyavasatika@example.org,04183302470,Abu Dhabi,8/10/2025,,Upasna,Palan,Sr,Zayed The First Street,United Arab Emirates,Abu Dhabi,0,04183302470,5955388233015250,2030,3,984
CUST-10313,Vincent Kumar,chawlatamanna@example.com,01907105177,Sharjah,4/7/2024,,Vincent,Kumar,III,Al Wahda Street,United Arab Emirates,Sharjah,0,01907105177,9138716722014710,2035,3,569
CUST-10314,Jatin Wali,balameghana@example.org,05150136210,Abu Dhabi,10/1/2024,Ms,Jatin,Wali,III,Zayed The First Street,United Arab Emirates,Abu Dhabi,0,05150136210,1675815665562930,2031,2,562
CUST-10315,Reyansh Dara,sachiparmer@example.org,03513930010,Dubai,6/19/2025,Ms,Reyansh,Dara,MD,Al Wasl Road,United Arab Emirates,Dubai,0,03513930010,1610257217745430,2030,6,840
CUST-10316,Bachittar Dora,vbaral@example.org,3765290682,Sharjah,1/29/2025,,Bachittar,Dora,DDS,King Faisal Street,United Arab Emirates,Sharjah,0,3765290682.00,7748040259603370,2028,9,484
CUST-10317,Raghav Kashyap,sshan@example.com,2899481766,Ajman,12/5/2025,Miss,Raghav,Kashyap,Sr,Sheikh Rashid Bin Saeed Al Maktoum Street,United Arab Emirates,Ajman,0,2899481766.00,4000807262542750,2032,10,823
CUST-10318,Aayush Bahl,ranveerkhatri@example.net,02574700446,Ajman,5/31/2024,Ms,Aayush,Bahl,Esq,University Street,United Arab Emirates,Ajman,0,02574700446,7366209303817280,2033,7,656
CUST-10319,Hemangini Goswami,boranihal@example.net,7057268851,Abu Dhabi,9/22/2025,,Hemangini,Goswami,III,Zayed The First Street,United Arab Emirates,Abu Dhabi,0,7057268851.00,2768965201376280,2030,9,395
CUST-10320,Rayaan Tella,tejas83@example.com,7721804886,Abu Dhabi,7/11/2024,,Rayaan,Tella,Jr,Zayed The First Street,United Arab Emirates,Abu Dhabi,0,7721804886.00,9733313948429160,2027,7,225
CUST-10321,Finn Dhillon,muniqushi@example.net,918205023343,Abu Dhabi,11/30/2024,Ms,Finn,Dhillon,Esq,Zayed The First Street,United Arab Emirates,Abu Dhabi,0,918205023343.00,6508666645326450,2029,1,998
CUST-10322,Yashvi Kaur,nandinibalay@example.net,915489525774,Sharjah,6/30/2024,Ms,Yashvi,Kaur,,Sheikh Mohammed Bin Zayed Road,United Arab Emirates,Sharjah,0,915489525774.00,9617651132759640,2031,1,155
CUST-10323,Anita Barman,ekantadeo@example.com,02481599141,Dubai,6/2/2025,Mr,Anita,Barman,PHD,Jumeirah Beach Road,United Arab Emirates,Dubai,0,02481599141,1512712401037740,2028,9,907
CUST-10324,Isaiah Pal,deepa18@example.com,5021343632,Abu Dhabi,12/31/2024,Mr,Isaiah,Pal,Jr,Sheikh Zayed bin Sultan Street,United Arab Emirates,Abu Dhabi,0,5021343632.00,6009582378668200,2034,1,246
CUST-10325,Vasudha Rama,chatterjeepeter@example.org,9292828156,Abu Dhabi,3/15/2025,Miss,Vasudha,Rama,III,Sultan Bin Zayed The First Street,United Arab Emirates,Abu Dhabi,0,9292828156.00,5349806598790220,2031,4,791
CUST-10326,Shivansh Keer,falgunivohra@example.net,1684872057,Ajman,11/12/2024,,Shivansh,Keer,MD,Sheikh Ammar Bin Humaid Al Nuaimi Street,United Arab Emirates,Ajman,0,1684872057.00,2558262966914130,2028,7,179
CUST-10327,Nikita Chandra,gaurisant@example.org,2251912148,Ajman,5/15/2024,,Nikita,Chandra,DDS,University Street,United Arab Emirates,Ajman,0,2251912148.00,9086489633495420,2033,3,674
CUST-10328,Pranav Dutta,laksh67@example.org,0212167620,Dubai,2/7/2024,Ms,Pranav,Dutta,,2nd of December Street,United Arab Emirates,Dubai,0,0212167620,8845969422903860,2031,5,718
CUST-10329,Harrison Chacko,lbala@example.com,915217008252,Ajman,9/24/2025,Mr,Harrison,Chacko,Jr,University Street,United Arab Emirates,Ajman,0,915217008252.00,2548183120050840,2026,8,663
CUST-10330,Triveni Sami,nishamishra@example.com,911178349462,Ajman,5/19/2024,Miss,Triveni,Sami,MD,Ajman Corniche Road,United Arab Emirates,Ajman,0,911178349462.00,1895748778993760,2029,11,216
CUST-10331,Noah Nayar,chanchaljayaraman@example.net,05795182633,Dubai,8/16/2025,Mrs,Noah,Nayar,MD,2nd of December Street,United Arab Emirates,Dubai,0,05795182633,1769930038237560,2027,9,864
CUST-10332,Gavin Sahota,pbose@example.org,03572332513,Ajman,1/29/2025,Dr,Gavin,Sahota,,Sheikh Ammar Bin Humaid Al Nuaimi Street,United Arab Emirates,Ajman,0,03572332513,5107327819681950,2029,12,511
CUST-10333,Balvan Ahluwalia,chaitaly20@example.org,917369280245,Abu Dhabi,9/6/2024,Mrs,Balvan,Ahluwalia,Jr,Corniche Street ,United Arab Emirates,Abu Dhabi,0,917369280245.00,9213529903766990,2035,9,271
CUST-10334,Janani Choudhury,batrabrijesh@example.net,04670662090,Sharjah,5/10/2024,Dr,Janani,Choudhury,,Al Arouba Street,United Arab Emirates,Sharjah,0,04670662090,2599935888629490,2026,6,858
CUST-10335,Rajata Chaudhari,narayananadweta@example.org,02349149421,Sharjah,8/14/2025,Mrs,Rajata,Chaudhari,,Corniche Street,United Arab Emirates,Sharjah,0,02349149421,7374316189736030,2032,9,459
CUST-10336,Yashvi Walla,jeevikashenoy@example.net,2640898255,Abu Dhabi,3/4/2025,Dr,Yashvi,Walla,Sr,Sheikh Zayed bin Sultan Street,United Arab Emirates,Abu Dhabi,0,2640898255.00,6558491932587400,2032,6,540
CUST-10337,Ishita Dhillon,deepasolanki@example.net,919884728147,Dubai,10/21/2024,Dr,Ishita,Dhillon,III,2nd of December Street,United Arab Emirates,Dubai,0,919884728147.00,9139707738099040,2032,5,314
CUST-10338,Diya Chacko,atella@example.net,914440457749,Ajman,8/18/2025,Miss,Diya,Chacko,MD,Sheikh Ammar Bin Humaid Al Nuaimi Street,United Arab Emirates,Ajman,0,914440457749.00,1388663872347000,2034,2,679
CUST-10339,Chanakya Mane,ykar@example.org,910100529558,Abu Dhabi,1/6/2025,,Chanakya,Mane,III,Sheikh Rashid Bin Saeed Street ,United Arab Emirates,Abu Dhabi,0,910100529558.00,3056706354900540,2028,3,271
CUST-10340,Kavya Shukla,iganesan@example.com,911383029120,Dubai,2/5/2025,Dr,Kavya,Shukla,Sr,Sheikh Mohammed bin Rashid Boulevard,United Arab Emirates,Dubai,0,911383029120.00,5519300975751750,2035,2,387
CUST-10341,Faraj Mander,daminibatta@example.org,917867387337,Abu Dhabi,2/22/2024,Mr,Faraj,Mander,MD,Sheikh Rashid Bin Saeed Street ,United Arab Emirates,Abu Dhabi,0,917867387337.00,2625168604858850,2032,8,509
CUST-10342,Lila Sem,gmodi@example.net,4093541390,Dubai,8/21/2025,Mrs,Lila,Sem,III,Al Seef Street,United Arab Emirates,Dubai,0,4093541390.00,1130067041309750,2035,6,877
CUST-10343,Indira Memon,kritikaben@example.com,913592402562,Abu Dhabi,11/20/2024,Ms,Indira,Memon,PHD,Zayed The First Street,United Arab Emirates,Abu Dhabi,0,913592402562.00,3283295500475940,2026,2,570
CUST-10344,Manbir Magar,ghoshveer@example.com,9005624398,Abu Dhabi,9/15/2024,Miss,Manbir,Magar,Jr,Zayed The First Street,United Arab Emirates,Abu Dhabi,0,9005624398.00,6889454044920690,2029,11,382
CUST-10345,Falguni Goswami,chatreshshenoy@example.net,2082217054,Sharjah,1/7/2026,,Falguni,Goswami,III,Al Mina Street,United Arab Emirates,Sharjah,0,2082217054.00,9464010126259210,2032,2,890
CUST-10346,Sai Gandhi,yagnesh64@example.com,7113937336,Abu Dhabi,3/1/2025,Miss,Sai,Gandhi,Sr,Sheikh Zayed bin Sultan Street,United Arab Emirates,Abu Dhabi,0,7113937336.00,4171593060653250,2027,7,416
CUST-10347,Neha Wable,pahuja@example.com,03717562317,Dubai,1/26/2024,Ms,Neha,Wable,DDS,Sheikh Mohammed bin Rashid Boulevard,United Arab Emirates,Dubai,0,03717562317,1960118832936410,2033,6,211
CUST-10348,Mohini Yadav,chanchal04@example.net,06548152712,Ajman,10/8/2024,,Mohini,Yadav,Sr,Ajman Corniche Road,United Arab Emirates,Ajman,0,06548152712,3051781193986430,2027,10,640
CUST-10349,Gaurika Bhavsar,advik53@example.com,6472920854,Dubai,5/20/2024,Ms,Gaurika,Bhavsar,III,Sheikh Mohammed bin Rashid Boulevard,United Arab Emirates,Dubai,0,6472920854.00,1800645397143600,2030,1,481
CUST-10350,Lekha Chand,duttparth@example.com,6947205570,Abu Dhabi,3/12/2025,Mrs,Lekha,Chand,MD,Corniche Street ,United Arab Emirates,Abu Dhabi,0,6947205570.00,5473114663117660,2034,3,947
CUST-10351,Hemal Ratta,mugdha04@example.net,04286798218,Dubai,9/12/2024,Mrs,Hemal,Ratta,Jr,Sheikh Zayed Road,United Arab Emirates,Dubai,0,04286798218,6137079605245280,2033,7,563
CUST-10352,Dayamai Sandhu,ekaraj22@example.net,918428859037,Ajman,1/2/2026,Miss,Dayamai,Sandhu,,Sheikh Ammar Bin Humaid Al Nuaimi Street,United Arab Emirates,Ajman,0,918428859037.00,1974894175813280,2032,3,683
CUST-10353,Isaiah Kaur,nairdarpan@example.com,09985797302,Ajman,5/9/2024,Miss,Isaiah,Kaur,,Sheikh Rashid Bin Saeed Al Maktoum Street,United Arab Emirates,Ajman,0,09985797302,2782457600970960,2029,12,851
CUST-10354,Ekiya Chand,usood@example.net,8956660659,Dubai,11/15/2024,,Ekiya,Chand,Sr,Al Wasl Road,United Arab Emirates,Dubai,0,8956660659.00,3021481870328410,2034,2,109
CUST-10355,Baghyawati Sunder,warjaspant@example.org,2718230433,Abu Dhabi,10/14/2025,,Baghyawati,Sunder,DDS,Corniche Street ,United Arab Emirates,Abu Dhabi,0,2718230433.00,5704428097715800,2029,6,110
CUST-10356,Pallavi Warrior,yatan78@example.net,910931291984,Ajman,7/28/2024,Dr,Pallavi,Warrior,MD,Sheikh Rashid Bin Saeed Al Maktoum Street,United Arab Emirates,Ajman,0,910931291984.00,6299309419756830,2032,6,126
CUST-10357,Geetika Mani,nidra21@example.net,09640377023,Dubai,9/10/2024,,Geetika,Mani,,Sheikh Zayed Road,United Arab Emirates,Dubai,0,09640377023,9063678670205160,2030,11,564
CUST-10358,Charles Varkey,butalacharita@example.net,07408288730,Sharjah,6/25/2025,Mrs,Charles,Varkey,,Al Arouba Street,United Arab Emirates,Sharjah,0,07408288730,5104469000144430,2029,9,251
CUST-10359,Zilmil Rajagopalan,hemanginilad@example.net,916281352928,Dubai,12/4/2024,Miss,Zilmil,Rajagopalan,,Al Wasl Road,United Arab Emirates,Dubai,0,916281352928.00,9642934927708840,2035,9,951
CUST-10360,Joshua Dugar,dchokshi@example.org,911447434080,Ajman,3/4/2025,Dr,Joshua,Dugar,III,University Street,United Arab Emirates,Ajman,0,911447434080.00,5757889880584920,2033,8,639
CUST-10361,Oviya Barad,qpanchal@example.com,914934737755,Sharjah,8/30/2025,Mrs,Oviya,Barad,MD,King Faisal Street,United Arab Emirates,Sharjah,0,914934737755.00,5545387716976300,2035,10,750
CUST-10362,Sara Lala,raoyagnesh@example.org,05033988719,Ajman,4/19/2024,Dr,Sara,Lala,DDS,Sheikh Rashid Bin Saeed Al Maktoum Street,United Arab Emirates,Ajman,0,05033988719,8968679769815660,2026,11,883
CUST-10363,Janaki Kohli,madanlibni@example.com,910315440151,Dubai,11/6/2024,Dr,Janaki,Kohli,MD,Sheikh Zayed Road,United Arab Emirates,Dubai,0,910315440151.00,1451826593369220,2027,8,626
CUST-10364,Yashvi Loyal,misrarachita@example.net,8986900728,Ajman,4/1/2024,Mr,Yashvi,Loyal,Jr,Ajman Corniche Road,United Arab Emirates,Ajman,0,8986900728.00,7497408082062150,2027,7,334
CUST-10365,Yamini Shan,chaayachandra@example.net,910527248303,Ajman,11/1/2025,,Yamini,Shan,PHD,Sheikh Khalifa Bin Zayed Al Nahyan Street,United Arab Emirates,Ajman,0,910527248303.00,9669835993693970,2032,7,829
CUST-10366,Rajeshri Oak,tamanna49@example.org,07300494385,Abu Dhabi,11/30/2024,Ms,Rajeshri,Oak,,Sheikh Hamdan Bin Mohammed Street,United Arab Emirates,Abu Dhabi,0,07300494385,6954621410851020,2031,4,703
CUST-10367,Falan Sharaf,nagarekantika@example.net,5796786519,Sharjah,4/24/2025,Mr,Falan,Sharaf,PHD,Sheikh Mohammed Bin Zayed Road,United Arab Emirates,Sharjah,0,5796786519.00,3199704352738110,2034,3,151
CUST-10368,Guneet Handa,wbhavsar@example.org,5241479602,Abu Dhabi,12/2/2025,,Guneet,Handa,PHD,Corniche Street ,United Arab Emirates,Abu Dhabi,0,5241479602.00,8288056391321790,2027,2,714
CUST-10369,Avi Bali,bawarohan@example.net,08923577095,Abu Dhabi,7/14/2025,Dr,Avi,Bali,,Corniche Street ,United Arab Emirates,Abu Dhabi,0,08923577095,6559036741774240,2030,2,767
CUST-10370,Avni Raghavan,geetikaramesh@example.com,08702711132,Abu Dhabi,12/19/2024,Miss,Avni,Raghavan,,Corniche Street ,United Arab Emirates,Abu Dhabi,0,08702711132,5410870795396250,2027,3,550
CUST-10371,Balhaar Zacharia,odikakalla@example.org,06580748258,Sharjah,10/22/2025,,Balhaar,Zacharia,,Al Mina Street,United Arab Emirates,Sharjah,0,06580748258,7534087801600220,2029,7,349
CUST-10372,Triya Dass,jananisastry@example.org,914432494721,Abu Dhabi,2/22/2024,Ms,Triya,Dass,,Corniche Street ,United Arab Emirates,Abu Dhabi,0,914432494721.00,6721425185669840,2033,11,752
CUST-10373,Bhavini Naik,ekarajbhardwaj@example.net,05009254304,Ajman,10/10/2025,Ms,Bhavini,Naik,Jr,Sheikh Ammar Bin Humaid Al Nuaimi Street,United Arab Emirates,Ajman,0,05009254304,7007946113857760,2031,8,643
CUST-10374,Indrajit Sekhon,opalla@example.com,00868789363,Sharjah,2/14/2024,Dr,Indrajit,Sekhon,Jr,Corniche Street,United Arab Emirates,Sharjah,0,00868789363,5956208525497520,2035,10,865
CUST-10375,Deepa Roy,sbala@example.net,919286871063,Ajman,3/12/2025,Mr,Deepa,Roy,PHD,Ajman Corniche Road,United Arab Emirates,Ajman,0,919286871063.00,3972212937247650,2031,1,792
CUST-10376,Unnati Padmanabhan,azaannanda@example.net,917458425682,Abu Dhabi,2/21/2025,Mr,Unnati,Padmanabhan,Esq,Sheikh Hamdan Bin Mohammed Street,United Arab Emirates,Abu Dhabi,0,917458425682.00,9685816625563490,2034,2,221
CUST-10377,Lakshmi Khosla,goyalmason@example.net,03667709545,Dubai,5/19/2025,Mrs,Lakshmi,Khosla,,Sheikh Mohammed bin Rashid Boulevard,United Arab Emirates,Dubai,0,03667709545,7490440128122130,2027,8,162
CUST-10378,Ijaya Pandya,vihaankeer@example.org,914537028793,Ajman,5/28/2025,Mr,Ijaya,Pandya,,Sheikh Khalifa Bin Zayed Al Nahyan Street,United Arab Emirates,Ajman,0,914537028793.00,7074199380570960,2035,9,177
CUST-10379,Kamya Khanna,onigopal@example.com,911718125893,Dubai,10/4/2024,Ms,Kamya,Khanna,,Al Wasl Road,United Arab Emirates,Dubai,0,911718125893.00,9953778794815020,2033,7,637
CUST-10380,Jhalak Pingle,champakshukla@example.net,912474149696,Sharjah,1/31/2024,Ms,Jhalak,Pingle,Jr,Al Wahda Street,United Arab Emirates,Sharjah,0,912474149696.00,6479349128161030,2031,2,320
CUST-10381,Fiyaz Mutti,fdhawan@example.com,01703297798,Ajman,7/5/2024,Mr,Fiyaz,Mutti,DDS,Ajman Corniche Road,United Arab Emirates,Ajman,0,01703297798,6745787812381140,2028,7,391
CUST-10382,Anay Dugar,pahalbarman@example.org,916533465404,Abu Dhabi,2/22/2024,Mr,Anay,Dugar,,Sheikh Hamdan Bin Mohammed Street,United Arab Emirates,Abu Dhabi,0,916533465404.00,9991023501502120,2033,9,677
CUST-10383,Netra Doctor,vvarma@example.com,6387228986,Ajman,8/29/2024,Ms,Netra,Doctor,,Sheikh Mohammed Bin Zayed Road,United Arab Emirates,Ajman,0,6387228986.00,7500472631798680,2029,8,318
CUST-10384,Rayaan Ganesan,ogrewal@example.com,912363905918,Ajman,11/13/2024,Dr,Rayaan,Ganesan,,Sheikh Mohammed Bin Zayed Road,United Arab Emirates,Ajman,0,912363905918.00,3830549081870630,2030,11,839
CUST-10385,Daniel Bhakta,bachittarsethi@example.net,914922468098,Dubai,12/22/2024,,Daniel,Bhakta,MD,Jumeirah Beach Road,United Arab Emirates,Dubai,0,914922468098.00,9580818126090360,2035,12,424
CUST-10386,Anjali Narasimhan,waliachakradev@example.net,2168329331,Abu Dhabi,4/28/2025,Ms,Anjali,Narasimhan,Jr,Sheikh Hamdan Bin Mohammed Street,United Arab Emirates,Abu Dhabi,0,2168329331.00,5415230798206510,2029,8,640
CUST-10387,Girik Kapur,yauvani80@example.org,4383885081,Abu Dhabi,1/21/2024,,Girik,Kapur,PHD,Sheikh Zayed bin Sultan Street,United Arab Emirates,Abu Dhabi,0,4383885081.00,4232265987885910,2033,12,944
CUST-10388,Wazir Wason,kamya00@example.net,4555033260,Sharjah,3/4/2024,Miss,Wazir,Wason,,Corniche Street,United Arab Emirates,Sharjah,0,4555033260.00,3654511962470360,2033,8,977
CUST-10389,Jeet Jaggi,nakulbora@example.net,918377745831,Abu Dhabi,8/21/2024,Mrs,Jeet,Jaggi,Jr,Sheikh Rashid Bin Saeed Street ,United Arab Emirates,Abu Dhabi,0,918377745831.00,4986722033630530,2028,10,580
CUST-10390,Krisha Seth,charanchandra@example.net,911185329326,Abu Dhabi,11/28/2024,Mrs,Krisha,Seth,DDS,Sheikh Zayed bin Sultan Street,United Arab Emirates,Abu Dhabi,0,911185329326.00,6273538106141370,2031,11,740
CUST-10391,Meghana Chander,rajanekavir@example.org,2753896299,Sharjah,6/9/2025,Miss,Meghana,Chander,Sr,Corniche Street,United Arab Emirates,Sharjah,0,2753896299.00,4359764128523630,2034,3,284
CUST-10392,Benjamin Bakshi,urvi02@example.com,04809445434,Sharjah,4/16/2024,Dr,Benjamin,Bakshi,MD,Corniche Street,United Arab Emirates,Sharjah,0,04809445434,4242093794540240,2029,4,607
CUST-10393,Dhruv Lall,spatla@example.com,2109859176,Sharjah,2/9/2025,Dr,Dhruv,Lall,Sr,King Faisal Street,United Arab Emirates,Sharjah,0,2109859176.00,6771520426560780,2034,4,903
CUST-10394,Ira Khatri,ramanyug@example.com,3883304920,Ajman,4/20/2024,Mrs,Ira,Khatri,Esq,Sheikh Rashid Bin Saeed Al Maktoum Street,United Arab Emirates,Ajman,0,3883304920.00,1876489119227300,2033,12,971
CUST-10395,Hitesh Chokshi,aradhana19@example.net,02100744929,Abu Dhabi,8/19/2025,Mrs,Hitesh,Chokshi,,Zayed The First Street,United Arab Emirates,Abu Dhabi,0,02100744929,8749830463811980,2033,1,807
CUST-10396,Isaiah Barad,madanyug@example.net,03007967014,Ajman,5/4/2025,Mr,Isaiah,Barad,,Sheikh Ammar Bin Humaid Al Nuaimi Street,United Arab Emirates,Ajman,0,03007967014,7667668113324790,2026,10,347
CUST-10397,Vasatika Chandra,maanav20@example.org,919986321048,Dubai,6/13/2025,Miss,Vasatika,Chandra,III,Sheikh Mohammed bin Rashid Boulevard,United Arab Emirates,Dubai,0,919986321048.00,2941233950998900,2034,5,133
CUST-10398,Jai Dey,samuelkant@example.org,00658804194,Dubai,8/6/2025,Mr,Jai,Dey,Sr,Sheikh Zayed Road,United Arab Emirates,Dubai,0,00658804194,9086264971166940,2026,11,431
CUST-10399,Ojasvi Acharya,falanghosh@example.net,05686057926,Dubai,2/4/2025,Mr,Ojasvi,Acharya,Sr,Al Wasl Road,United Arab Emirates,Dubai,0,05686057926,4639533771339720,2027,7,831
CUST-10400,Robert Wable,lokeyachana@example.org,04132533163,Dubai,3/31/2024,Dr,Robert,Wable,Esq,Sheikh Mohammed bin Rashid Boulevard,United Arab Emirates,Dubai,0,04132533163,5303616351156500,2031,12,540
CUST-10401,Bhanumati Banik,lakshdani@example.net,1668671851,Sharjah,6/13/2025,Miss,Bhanumati,Banik,DDS,Al Arouba Street,United Arab Emirates,Sharjah,0,1668671851.00,1491069065747350,2027,5,425
CUST-10402,Advay Pandya,owentiwari@example.com,911303440018,Sharjah,9/3/2025,,Advay,Pandya,,Al Mina Street,United Arab Emirates,Sharjah,0,911303440018.00,8060850152326570,2030,6,999
CUST-10403,Aarini Majumdar,viraj39@example.org,9269538628,Dubai,8/16/2024,Ms,Aarini,Majumdar,Jr,Sheikh Zayed Road,United Arab Emirates,Dubai,0,9269538628.00,5575418938137130,2031,10,178
CUST-10404,Farhan Narayanan,prashadridhi@example.com,3586966887,Sharjah,6/18/2024,Mrs,Farhan,Narayanan,Jr,Al Mina Street,United Arab Emirates,Sharjah,0,3586966887.00,1978087253218840,2031,12,912
CUST-10405,Oliver Shan,utkarshdas@example.org,910392405368,Ajman,1/13/2024,Miss,Oliver,Shan,III,Sheikh Mohammed Bin Zayed Road,United Arab Emirates,Ajman,0,910392405368.00,3816282892851640,2034,3,174
CUST-10406,Saumya Dasgupta,qdoctor@example.org,919933188669,Sharjah,11/14/2024,Mr,Saumya,Dasgupta,MD,Corniche Street,United Arab Emirates,Sharjah,0,919933188669.00,7614949225296220,2032,4,284
CUST-10407,Mahika Parmer,swamyzaid@example.com,911876942030,Dubai,9/17/2025,Miss,Mahika,Parmer,,Jumeirah Beach Road,United Arab Emirates,Dubai,0,911876942030.00,6248691459890380,2035,8,834
CUST-10408,Vedika Dugar,joshifiyaz@example.net,00323332122,Abu Dhabi,9/19/2025,,Vedika,Dugar,MD,Sultan Bin Zayed The First Street,United Arab Emirates,Abu Dhabi,0,00323332122,3174397435068930,2033,10,459
CUST-10409,Idika Char,vasatikadeshmukh@example.org,7916222975,Ajman,7/26/2025,Miss,Idika,Char,PHD,Sheikh Khalifa Bin Zayed Al Nahyan Street,United Arab Emirates,Ajman,0,7916222975.00,4481319743420280,2030,12,364
CUST-10410,Balendra Bahri,michaelbhalla@example.com,04082893745,Ajman,9/25/2025,Mrs,Balendra,Bahri,Esq,Sheikh Ammar Bin Humaid Al Nuaimi Street,United Arab Emirates,Ajman,0,04082893745,6020290652899800,2029,6,640
CUST-10411,Wyatt Krishnamurthy,kurianjeremiah@example.org,6311283066,Abu Dhabi,1/18/2024,,Wyatt,Krishnamurthy,,Sultan Bin Zayed The First Street,United Arab Emirates,Abu Dhabi,0,6311283066.00,8289147594234180,2032,1,518
CUST-10412,Rohan Chopra,guhalaban@example.org,8205444058,Abu Dhabi,12/23/2025,,Rohan,Chopra,PHD,Corniche Street ,United Arab Emirates,Abu Dhabi,0,8205444058.00,5848109839333380,2027,3,145
CUST-10413,Tamanna Kota,lajitadara@example.org,917380239693,Sharjah,9/11/2025,,Tamanna,Kota,III,Sheikh Mohammed Bin Zayed Road,United Arab Emirates,Sharjah,0,917380239693.00,8804126066956930,2029,7,237
CUST-10414,Rohan Bali,qnarain@example.com,4996729103,Abu Dhabi,2/17/2024,Ms,Rohan,Bali,MD,Sheikh Rashid Bin Saeed Street ,United Arab Emirates,Abu Dhabi,0,4996729103.00,1237370543359680,2035,5,522
CUST-10415,Rajata Karnik,ravivedant@example.net,917060852720,Ajman,9/14/2025,Mrs,Rajata,Karnik,,Ajman Corniche Road,United Arab Emirates,Ajman,0,917060852720.00,3797690551741880,2026,7,814
CUST-10416,Anika Agarwal,advikaparekh@example.com,913178856372,Sharjah,1/19/2025,,Anika,Agarwal,Sr,Corniche Street,United Arab Emirates,Sharjah,0,913178856372.00,9073248171380240,2027,2,603
CUST-10417,Prisha Sem,fitanmistry@example.org,01725366923,Ajman,7/19/2024,Dr,Prisha,Sem,III,Ajman Corniche Road,United Arab Emirates,Ajman,0,01725366923,3143092788675300,2032,4,747
CUST-10418,Krisha Trivedi,balhaar43@example.org,01649581221,Abu Dhabi,12/14/2024,Miss,Krisha,Trivedi,III,Sheikh Rashid Bin Saeed Street ,United Arab Emirates,Abu Dhabi,0,01649581221,9244207373466550,2034,10,768
CUST-10419,Divya Gaba,vsandal@example.com,07838603951,Ajman,8/1/2024,Ms,Divya,Gaba,Jr,Sheikh Khalifa Bin Zayed Al Nahyan Street,United Arab Emirates,Ajman,0,07838603951,2655925302101560,2035,6,444
CUST-10420,Aadhya Kumar,munshivrinda@example.com,910294565044,Ajman,8/4/2025,Miss,Aadhya,Kumar,Jr,Sheikh Mohammed Bin Zayed Road,United Arab Emirates,Ajman,0,910294565044.00,2466297670693880,2034,4,604
CUST-10421,Qasim Lala,nimrat52@example.org,06466766728,Sharjah,7/14/2025,Mrs,Qasim,Lala,Jr,King Faisal Street,United Arab Emirates,Sharjah,0,06466766728,4182085500541340,2031,1,840
CUST-10422,Warinder Ramanathan,daksheshseth@example.org,913548717352,Dubai,8/13/2024,,Warinder,Ramanathan,Jr,Sheikh Zayed Road,United Arab Emirates,Dubai,0,913548717352.00,3191973791965580,2034,1,931
CUST-10423,Dominic Kunda,ahujadayamai@example.net,6525757937,Dubai,11/28/2024,Miss,Dominic,Kunda,,Al Wasl Road,United Arab Emirates,Dubai,0,6525757937.00,7662244042620360,2032,7,901
CUST-10424,Simon Bahri,vansha92@example.com,08415121219,Ajman,12/17/2024,,Simon,Bahri,Esq,Sheikh Rashid Bin Saeed Al Maktoum Street,United Arab Emirates,Ajman,0,08415121219,4515847555434250,2033,7,133
CUST-10425,Vedika Doshi,tom@example.net,0634611740,Ajman,9/14/2024,Miss,Vedika,Doshi,Sr,Ajman Corniche Road,United Arab Emirates,Ajman,0,0634611740,9195882506483130,2029,6,528
CUST-10426,Chasmum Nair,pgoel@example.net,04201843024,Sharjah,12/29/2025,,Chasmum,Nair,DDS,Sheikh Mohammed Bin Zayed Road,United Arab Emirates,Sharjah,0,04201843024,6888081425808540,2033,11,360
CUST-10427,Jai Warrior,deeparao@example.net,0367623198,Sharjah,3/4/2025,Miss,Jai,Warrior,Esq,Sheikh Mohammed Bin Zayed Road,United Arab Emirates,Sharjah,0,0367623198,8102303808108950,2029,4,798
CUST-10428,Ojasvi Parsa,qkapur@example.org,7734791902,Abu Dhabi,9/28/2024,Mr,Ojasvi,Parsa,Jr,Corniche Street ,United Arab Emirates,Abu Dhabi,0,7734791902.00,3878719572542910,2029,8,187
CUST-10429,Chameli Sant,william65@example.com,912961719953,Abu Dhabi,2/23/2025,Miss,Chameli,Sant,,Sheikh Rashid Bin Saeed Street ,United Arab Emirates,Abu Dhabi,0,912961719953.00,8080861743853230,2032,11,842
CUST-10430,Eesha Badal,chawlachanakya@example.com,00840711526,Sharjah,4/16/2025,Ms,Eesha,Badal,DDS,Al Wahda Street,United Arab Emirates,Sharjah,0,00840711526,5497901583457640,2032,1,964
CUST-10431,Pratyush Mukhopadhyay,csharma@example.net,6666249788,Sharjah,12/25/2025,Ms,Pratyush,Mukhopadhyay,MD,King Faisal Street,United Arab Emirates,Sharjah,0,6666249788.00,9523711053460880,2029,8,612
CUST-10432,Chaitaly Sood,evarty@example.com,911998080769,Dubai,12/20/2025,Mr,Chaitaly,Sood,Esq,Jumeirah Beach Road,United Arab Emirates,Dubai,0,911998080769.00,2358025018713210,2029,3,552
CUST-10433,Laksh Sachar,quincyiyengar@example.net,3251194157,Ajman,9/22/2025,,Laksh,Sachar,Jr,Sheikh Khalifa Bin Zayed Al Nahyan Street,United Arab Emirates,Ajman,0,3251194157.00,3843232376136940,2035,8,500
CUST-10434,Bakhshi Date,uyadav@example.com,3134580803,Ajman,6/22/2025,,Bakhshi,Date,Esq,Sheikh Mohammed Bin Zayed Road,United Arab Emirates,Ajman,0,3134580803.00,1977078555274630,2026,5,655
CUST-10435,Nitara Basu,dorafitan@example.org,09727829810,Abu Dhabi,2/25/2024,Mr,Nitara,Basu,III,Sheikh Hamdan Bin Mohammed Street,United Arab Emirates,Abu Dhabi,0,09727829810,7719127573584420,2033,11,312
CUST-10436,Kalpit Tella,david35@example.com,00038507527,Abu Dhabi,12/15/2024,,Kalpit,Tella,MD,Sultan Bin Zayed The First Street,United Arab Emirates,Abu Dhabi,0,00038507527,1942104596608240,2032,1,129
CUST-10437,Mason Bansal,saksham61@example.com,9241160279,Sharjah,9/26/2025,,Mason,Bansal,DDS,King Faisal Street,United Arab Emirates,Sharjah,0,9241160279.00,9320957932253500,2029,1,989
CUST-10438,Gagan Sampath,shauryasibal@example.org,1784314223,Abu Dhabi,4/5/2025,,Gagan,Sampath,MD,Sultan Bin Zayed The First Street,United Arab Emirates,Abu Dhabi,0,1784314223.00,5840319821417530,2032,6,974
CUST-10439,Yoshita Sankar,vasanasarin@example.net,08461609861,Ajman,8/31/2024,Miss,Yoshita,Sankar,III,Sheikh Rashid Bin Saeed Al Maktoum Street,United Arab Emirates,Ajman,0,08461609861,6309327109139220,2027,5,263
CUST-10440,Jagrati Kulkarni,omidika@example.org,09428993118,Ajman,6/1/2024,Ms,Jagrati,Kulkarni,Sr,University Street,United Arab Emirates,Ajman,0,09428993118,4489440707811650,2035,5,717
CUST-10441,Noah Tella,msetty@example.com,07779901905,Abu Dhabi,3/22/2025,Ms,Noah,Tella,Sr,Sultan Bin Zayed The First Street,United Arab Emirates,Abu Dhabi,0,07779901905,2125425946868300,2034,3,225
CUST-10442,Mugdha Chand,gopalagarwal@example.org,1895004862,Dubai,10/30/2024,Ms,Mugdha,Chand,DDS,Jumeirah Beach Road,United Arab Emirates,Dubai,0,1895004862.00,2563991532315220,2035,4,744
CUST-10443,David Koshy,gokhalevrinda@example.org,4187022054,Sharjah,11/20/2024,Dr,David,Koshy,Sr,Corniche Street,United Arab Emirates,Sharjah,0,4187022054.00,4604202663416310,2026,10,204
CUST-10444,Advay Hans,rajanchasmum@example.org,915023126760,Abu Dhabi,2/27/2024,Miss,Advay,Hans,DDS,Sultan Bin Zayed The First Street,United Arab Emirates,Abu Dhabi,0,915023126760.00,8061492575901810,2031,7,910
CUST-10445,Riya Wagle,aadisaraf@example.org,4379795553,Ajman,12/1/2025,,Riya,Wagle,,Sheikh Khalifa Bin Zayed Al Nahyan Street,United Arab Emirates,Ajman,0,4379795553.00,4889471521768130,2027,4,111
CUST-10446,Guneet Bora,osankaran@example.net,4576073988,Ajman,5/17/2025,,Guneet,Bora,Esq,Sheikh Rashid Bin Saeed Al Maktoum Street,United Arab Emirates,Ajman,0,4576073988.00,3100816140023590,2034,12,396
CUST-10447,Chameli Wali,racharya@example.org,8913683893,Ajman,11/8/2024,Miss,Chameli,Wali,,Sheikh Khalifa Bin Zayed Al Nahyan Street,United Arab Emirates,Ajman,0,8913683893.00,5941885568652920,2028,10,145
CUST-10448,Bimala Sankar,mangalharrison@example.org,2315735247,Sharjah,7/22/2024,Miss,Bimala,Sankar,,King Faisal Street,United Arab Emirates,Sharjah,0,2315735247.00,6596206224550190,2027,9,588
CUST-10449,Shivansh Memon,gavindara@example.com,7800788089,Dubai,2/16/2025,Mr,Shivansh,Memon,Esq,Al Seef Street,United Arab Emirates,Dubai,0,7800788089.00,3257648827889490,2035,4,562
CUST-10450,Radhika Mital,gahuja@example.net,913635866626,Sharjah,1/11/2024,Mr,Radhika,Mital,Sr,King Faisal Street,United Arab Emirates,Sharjah,0,913635866626.00,9711500919056530,2032,10,124
CUST-10451,Pratyush Sura,lucky31@example.net,03056429009,Sharjah,11/4/2025,Mrs,Pratyush,Sura,PHD,Corniche Street,United Arab Emirates,Sharjah,0,03056429009,4566639759567420,2032,1,908
CUST-10452,Ekaja Talwar,ddube@example.org,910989677569,Abu Dhabi,3/11/2024,Mrs,Ekaja,Talwar,Sr,Corniche Street ,United Arab Emirates,Abu Dhabi,0,910989677569.00,1037453321663160,2028,4,960
CUST-10453,Veer Chatterjee,ekiyabandi@example.net,04395745916,Ajman,6/21/2025,Ms,Veer,Chatterjee,DDS,Sheikh Mohammed Bin Zayed Road,United Arab Emirates,Ajman,0,04395745916,5086379742466250,2030,10,728
CUST-10454,Logan Nori,meghanavora@example.net,05065837238,Dubai,4/3/2025,Mrs,Logan,Nori,MD,Sheikh Mohammed bin Rashid Boulevard,United Arab Emirates,Dubai,0,05065837238,6917760520687580,2034,6,751
CUST-10455,Onkar Butala,rishi50@example.net,5743244340,Sharjah,4/26/2024,Ms,Onkar,Butala,III,Corniche Street,United Arab Emirates,Sharjah,0,5743244340.00,1332951859398570,2029,9,590
CUST-10456,Tripti Nagi,wwali@example.com,04652023832,Abu Dhabi,3/29/2025,,Tripti,Nagi,MD,Sheikh Rashid Bin Saeed Street ,United Arab Emirates,Abu Dhabi,0,04652023832,4462534893849690,2034,6,674
CUST-10457,Dayamai Dass,ecomar@example.org,04681107256,Sharjah,11/10/2024,Ms,Dayamai,Dass,Sr,Al Mina Street,United Arab Emirates,Sharjah,0,04681107256,2672839978690360,2033,1,398
CUST-10458,Yashica Baral,hwalla@example.net,910493951568,Ajman,11/10/2025,Ms,Yashica,Baral,,Sheikh Rashid Bin Saeed Al Maktoum Street,United Arab Emirates,Ajman,0,910493951568.00,4941231402200370,2035,2,772
CUST-10459,Vivaan Issac,blad@example.com,912469815946,Ajman,6/1/2024,,Vivaan,Issac,,Sheikh Khalifa Bin Zayed Al Nahyan Street,United Arab Emirates,Ajman,0,912469815946.00,4425007493153090,2028,9,965
CUST-10460,Bahadurjit Bal,banjeet80@example.org,1060239993,Dubai,11/18/2025,Mr,Bahadurjit,Bal,Sr,Sheikh Zayed Road,United Arab Emirates,Dubai,0,1060239993.00,3315005002158880,2030,9,968
CUST-10461,Nirja Vasa,yaminirajan@example.net,912301234066,Ajman,7/29/2025,Ms,Nirja,Vasa,Sr,Sheikh Mohammed Bin Zayed Road,United Arab Emirates,Ajman,0,912301234066.00,3073103944006850,2029,7,456
CUST-10462,Maanav Parmar,chakradharpathak@example.org,911369779758,Ajman,7/9/2025,Dr,Maanav,Parmar,MD,Sheikh Khalifa Bin Zayed Al Nahyan Street,United Arab Emirates,Ajman,0,911369779758.00,9978744970714950,2032,7,371
CUST-10463,Ira Apte,settysudiksha@example.com,09149550113,Abu Dhabi,5/6/2025,Dr,Ira,Apte,Sr,Sheikh Zayed bin Sultan Street,United Arab Emirates,Abu Dhabi,0,09149550113,3826122320172480,2028,11,749
CUST-10464,Oliver Kumar,anshrajagopalan@example.net,07318881013,Sharjah,4/12/2024,Mr,Oliver,Kumar,Esq,Al Wahda Street,United Arab Emirates,Sharjah,0,07318881013,2551350631107430,2030,11,540
CUST-10465,Utkarsh Banerjee,hitesh29@example.com,3388597713,Dubai,10/29/2024,Dr,Utkarsh,Banerjee,PHD,Jumeirah Beach Road,United Arab Emirates,Dubai,0,3388597713.00,8019080991966580,2035,6,768
CUST-10466,Dayita Mand,wkar@example.com,0575552640,Ajman,1/25/2025,Dr,Dayita,Mand,DDS,Sheikh Khalifa Bin Zayed Al Nahyan Street,United Arab Emirates,Ajman,0,0575552640,2142291832993550,2034,10,928
CUST-10467,Mohini Mishra,karyadavi@example.com,01924779542,Sharjah,11/14/2024,,Mohini,Mishra,DDS,Al Arouba Street,United Arab Emirates,Sharjah,0,01924779542,6366426058240100,2030,1,601
CUST-10468,Wyatt More,chanayoshita@example.com,05374916027,Abu Dhabi,4/24/2025,Ms,Wyatt,More,III,Sheikh Rashid Bin Saeed Street ,United Arab Emirates,Abu Dhabi,0,05374916027,4754043999202010,2034,7,451
CUST-10469,Tamanna Datta,vivaantalwar@example.net,06840201635,Dubai,12/5/2025,Ms,Tamanna,Datta,MD,Sheikh Zayed Road,United Arab Emirates,Dubai,0,06840201635,2572467719735720,2029,4,946
CUST-10470,Aradhana Hayer,ooommen@example.com,1412127351,Abu Dhabi,12/3/2024,Ms,Aradhana,Hayer,Esq,Corniche Street ,United Arab Emirates,Abu Dhabi,0,1412127351.00,3534078388807500,2029,3,396
CUST-10471,Gunbir Mangal,onadkarni@example.org,0194204305,Abu Dhabi,10/9/2024,Ms,Gunbir,Mangal,Esq,Sheikh Rashid Bin Saeed Street ,United Arab Emirates,Abu Dhabi,0,0194204305,3752369344404380,2030,5,333
CUST-10472,Wakeeta Dash,anthony08@example.org,03777835582,Dubai,1/1/2026,Dr,Wakeeta,Dash,Sr,Jumeirah Beach Road,United Arab Emirates,Dubai,0,03777835582,1429779902052180,2032,1,243
CUST-10473,Yuvraj Pal,yochanaswaminathan@example.net,1620522721,Abu Dhabi,4/29/2025,Miss,Yuvraj,Pal,Esq,Sultan Bin Zayed The First Street,United Arab Emirates,Abu Dhabi,0,1620522721.00,4327696048994520,2029,10,218
CUST-10474,Hemani Sundaram,aishani15@example.com,4544020804,Dubai,3/25/2025,,Hemani,Sundaram,,Al Wasl Road,United Arab Emirates,Dubai,0,4544020804.00,9058581570558320,2027,5,973
CUST-10475,Andrew Gala,vedant74@example.net,03695842210,Ajman,2/8/2024,,Andrew,Gala,III,University Street,United Arab Emirates,Ajman,0,03695842210,2313374095312870,2029,1,577
CUST-10476,Waida Sant,chakradhar15@example.com,913294135632,Dubai,10/13/2025,,Waida,Sant,PHD,Al Wasl Road,United Arab Emirates,Dubai,0,913294135632.00,6756060319608850,2028,2,976
CUST-10477,Nilima Talwar,vincentrajan@example.com,910621409236,Abu Dhabi,8/25/2025,,Nilima,Talwar,Sr,Sultan Bin Zayed The First Street,United Arab Emirates,Abu Dhabi,0,910621409236.00,6059989024750540,2033,7,818
CUST-10478,Raghav Kar,fjha@example.org,9315015316,Sharjah,8/15/2024,,Raghav,Kar,PHD,King Faisal Street,United Arab Emirates,Sharjah,0,9315015316.00,8408220954495230,2030,3,552
CUST-10479,Azad Sarna,anusha36@example.org,01902094318,Ajman,2/5/2025,,Azad,Sarna,,Sheikh Rashid Bin Saeed Al Maktoum Street,United Arab Emirates,Ajman,0,01902094318,1721868819772810,2027,2,668
CUST-10480,Faraj Ahluwalia,shankaronveer@example.org,00907699113,Sharjah,3/25/2025,,Faraj,Ahluwalia,Esq,Sheikh Mohammed Bin Zayed Road,United Arab Emirates,Sharjah,0,00907699113,8537889053418490,2026,11,619
CUST-10481,Peter Sarna,manivasana@example.net,03254264915,Dubai,2/6/2024,,Peter,Sarna,MD,Sheikh Zayed Road,United Arab Emirates,Dubai,0,03254264915,1656444527298050,2027,5,773
CUST-10482,Harini Sankar,ogala@example.net,0462408836,Dubai,2/29/2024,,Harini,Sankar,MD,Al Wasl Road,United Arab Emirates,Dubai,0,0462408836,7003721315411560,2026,8,846
CUST-10483,Neha Varughese,vasagautam@example.net,6219685515,Ajman,8/2/2025,,Neha,Varughese,MD,University Street,United Arab Emirates,Ajman,0,6219685515.00,5516079428434370,2032,3,916
CUST-10484,Samesh Bahri,pauzashil@example.org,911061852443,Dubai,9/6/2024,,Samesh,Bahri,Sr,Jumeirah Beach Road,United Arab Emirates,Dubai,0,911061852443.00,2765022308321390,2034,6,806
CUST-10485,Isha Minhas,royranbir@example.org,04039927420,Sharjah,5/1/2024,,Isha,Minhas,MD,Sheikh Mohammed Bin Zayed Road,United Arab Emirates,Sharjah,0,04039927420,4342390348859740,2033,4,950
CUST-10486,Leela Pillai,gunbir21@example.net,916397066992,Sharjah,12/8/2024,Mrs,Leela,Pillai,MD,Al Arouba Street,United Arab Emirates,Sharjah,0,916397066992.00,4390915319781190,2035,1,910
CUST-10487,Tamanna Dhillon,pallakiaan@example.org,914844198142,Sharjah,6/27/2025,Miss,Tamanna,Dhillon,Sr,Corniche Street,United Arab Emirates,Sharjah,0,914844198142.00,6954917827169010,2028,1,736
CUST-10488,Luke Cheema,ekta36@example.net,2872510660,Ajman,1/27/2025,Ms,Luke,Cheema,,Sheikh Rashid Bin Saeed Al Maktoum Street,United Arab Emirates,Ajman,0,2872510660.00,7031387265441070,2035,8,431
CUST-10489,Baljiwan Mukherjee,kantjackson@example.net,917112914667,Dubai,5/18/2025,Miss,Baljiwan,Mukherjee,Esq,2nd of December Street,United Arab Emirates,Dubai,0,917112914667.00,5921426913046760,2026,8,656
CUST-10490,Aarini Thakur,kiaan01@example.com,916917411860,Abu Dhabi,2/10/2025,Dr,Aarini,Thakur,Esq,Sheikh Zayed bin Sultan Street,United Arab Emirates,Abu Dhabi,0,916917411860.00,9730267745610090,2032,8,180
CUST-10491,Charan Chandra,osha22@example.net,04859190739,Abu Dhabi,4/14/2024,Mrs,Charan,Chandra,DDS,Sheikh Hamdan Bin Mohammed Street,United Arab Emirates,Abu Dhabi,0,04859190739,8388074190034870,2034,11,456
CUST-10492,Manya Mohanty,yatin52@example.org,1145220259,Abu Dhabi,7/3/2025,Dr,Manya,Mohanty,DDS,Sultan Bin Zayed The First Street,United Arab Emirates,Abu Dhabi,0,1145220259.00,8558865324549480,2035,10,819
CUST-10493,Anjali Pradhan,vedhikabala@example.net,8396992827,Sharjah,8/7/2025,Mr,Anjali,Pradhan,III,Al Mina Street,United Arab Emirates,Sharjah,0,8396992827.00,9347988500834170,2026,10,552
CUST-10494,Ethan Mitter,nidra69@example.org,916764368385,Ajman,1/18/2025,Mr,Ethan,Mitter,MD,Sheikh Khalifa Bin Zayed Al Nahyan Street,United Arab Emirates,Ajman,0,916764368385.00,6314595568360420,2030,10,576
CUST-10495,Harish Prakash,imaran54@example.com,06340560357,Dubai,6/11/2024,Dr,Harish,Prakash,PHD,2nd of December Street,United Arab Emirates,Dubai,0,06340560357,4751030832684960,2033,3,305
CUST-10496,Udyati Lanka,asharaf@example.com,09988459909,Sharjah,4/8/2024,Mrs,Udyati,Lanka,Esq,Sheikh Mohammed Bin Zayed Road,United Arab Emirates,Sharjah,0,09988459909,2549114556831830,2032,5,162
CUST-10497,Ikshita Balan,vyasayush@example.com,910816925200,Abu Dhabi,11/8/2024,,Ikshita,Balan,Jr,Sheikh Hamdan Bin Mohammed Street,United Arab Emirates,Abu Dhabi,0,910816925200.00,8694742819094800,2028,10,492
CUST-10498,Urmi Ganguly,pallavi22@example.com,8271618783,Dubai,4/2/2025,Mrs,Urmi,Ganguly,MD,Jumeirah Beach Road,United Arab Emirates,Dubai,0,8271618783.00,1395838698464930,2035,6,334
CUST-10499,Mason Balasubramanian,meghabadal@example.net,911001196765,Ajman,12/23/2025,Mrs,Mason,Balasubramanian,MD,Sheikh Ammar Bin Humaid Al Nuaimi Street,United Arab Emirates,Ajman,0,911001196765.00,4068513553934020,2033,9,669
